[{"horario":"2023-08-25 14:27:57","evento":"medida","v2":0.6363,"v4":1.2595,"intensidade":12.0073},{"horario":"2023-08-25 14:32:24","evento":"medida","v1":0.2394,"v4":4.3695,"intensidade":36.969},{"horario":"2023-08-25 14:37:54","evento":"medida","v3":0.1849,"v4":0.1276,"intensidade":6.5629},{"horario":"2023-08-25 14:38:42","evento":"medida","v3":0.0997,"v4":0.6597,"intensidade":5.6358},{"horario":"2023-08-25 14:42:39","evento":"medida","v2":1.9301,"v4":1.711,"intensidade":19.5143},{"horario":"2023-08-25 14:45:49","evento":"medida","v1":1.3165,"v3":0.1637,"v4":1.2557,"intensidade":11.5346},{"horario":"2023-08-25 14:46:34","evento":"medida","v1":0.6371,"v2":0.1722,"v3":0.0725,"v4":0.6821,"intensidade":6.6103},{"horario":"2023-08-25 14:47:48","evento":"medida","v4":0.2486,"intensidade":7.6522},{"horario":"2023-08-25 14:48:51","evento":"medida","v1":0.0962,"v2":0.0217,"v4":0.1105,"intensidade":1.0453},{"horario":"2023-08-25 14:57:53","evento":"medida","v1":0.154,"v2":0.2203,"v3":0.1296,"intensidade":3.3433},{"horario":"2023-08-25 15:00:47","evento":"medida","v3":0.0467,"intensidade":4.8417},{"horario":"2023-08-25 15:01:29","evento":"recalibragem","codigo":"Qrgkk3iU23"},{"horario":"2023-08-25 15:07:04","evento":"medida","v3":0.0932,"v4":0.0835,"intensidade":1.979},{"horario":"2023-08-25 15:08:49","evento":"medida","v3":0.0633,"intensidade":37.9407},{"horario":"2023-08-25 15:08:52","evento":"medida","v2":0.0417,"v3":0.0676,"intensidade":6.1361},{"horario":"2023-08-25 15:14:22","evento":"medida","v1":0.3219,"v4":1.531,"intensidade":14.1914},{"horario":"2023-08-25 15:20:04","evento":"medida","v2":0.1789,"v3":0.1112,"intensidade":5.8931},{"horario":"2023-08-25 15:36:43","evento":"medida","v2":0.6645,"v3":0.0035,"v4":0.6347,"intensidade":7.518},{"horario":"2023-08-25 15:51:33","evento":"medida","v1":0.5415,"v4":1.4815,"intensidade":14.6954},{"horario":"2023-08-25 15:52:35","evento":"medida","v2":0.0707,"v4":1.1733,"intensidade":9.6324},{"horario":"2023-08-25 15:57:05","evento":"medida","v2":0.5087,"v3":0.0936,"intensidade":34.7367},{"horario":"2023-08-25 15:58:16","evento":"medida","v1":0.1114,"v4":1.1882,"intensidade":11.0028},{"horario":"2023-08-25 16:03:15","evento":"medida","v1":0.1837,"intensidade":4.906},{"horario":"2023-08-25 16:03:53","evento":"medida","v1":0.045,"intensidade":0.3526},{"horario":"2023-08-25 16:18:39","evento":"medida","v1":0.6555,"v4":1.0204,"intensidade":9.5568},{"horario":"2023-08-25 16:32:56","evento":"medida","v1":0.6616,"v3":0.177,"v4":0.2775,"intensidade":4.8052},{"horario":"2023-08-25 16:33:18","evento":"medida","intensidade":11.5071},{"horario":"2023-08-25 16:34:07","evento":"medida","v1":0.6312,"v2":1.3639,"v4":0.3255,"intensidade":7.3268},{"horario":"2023-08-25 16:45:53","evento":"medida","v1":0.035,"v2":0.1736,"v4":0.5549,"intensidade":4.9952},{"horario":"2023-08-25 16:48:17","evento":"medida","v3":0.0687,"v4":0.3426,"intensidade":9.9243},{"horario":"2023-08-25 16:49:34","evento":"medida","v2":0.5434,"v3":0.2007,"intensidade":6.961},{"horario":"2023-08-25 16:50:50","evento":"medida","v1":0.0619,"v3":0.0389,"intensidade":9.3417},{"horario":"2023-08-25 16:54:31","evento":"medida","v1":1.0846,"intensidade":14.1517},{"horario":"2023-08-25 16:54:57","evento":"medida","v1":0.7266,"v4":0.1011,"intensidade":3.8471},{"horario":"2023-08-25 16:57:15","evento":"medida","v2":0.1314,"v4":2.1242,"intensidade":17.9971},{"horario":"2023-08-25 17:01:18","evento":"medida","v1":0.3661,"v3":0.1049,"v4":0.5671,"intensidade":8.0813},{"horario":"2023-08-25 17:06:06","evento":"medida","v2":0.6835,"v4":0.7457,"intensidade":8.2946},{"horario":"2023-08-25 17:10:14","evento":"recalibragem","codigo":"rgVuqp7YVV"},{"horario":"2023-08-25 17:15:38","evento":"medida","v1":0.1242,"v4":1.1662,"intensidade":10.3766},{"horario":"2023-08-25 17:17:46","evento":"medida","v1":0.6639,"v2":0.443,"v3":0.0914,"intensidade":6.8711},{"horario":"2023-08-25 17:18:18","evento":"medida","v2":0.0258,"v3":0.0927,"v4":0.1522,"intensidade":1.7171},{"horario":"2023-08-25 17:26:22","evento":"medida","v1":0.0609,"intensidade":5.8342},{"horario":"2023-08-25 17:33:07","evento":"medida","v1":0.0432,"v2":0.22,"v3":0.1112,"intensidade":2.0609},{"horario":"2023-08-25 17:36:53","evento":"recalibragem","codigo":"jwF4Kexulo"},{"horario":"2023-08-25 17:40:24","evento":"medida","v3":0.0531,"intensidade":6.0459},{"horario":"2023-08-25 17:41:10","evento":"medida","v3":0.0948,"v4":1.6428,"intensidade":14.7626},{"horario":"2023-08-25 17:44:47","evento":"medida","v2":0.6743,"v4":0.6179,"intensidade":7.3016},{"horario":"2023-08-25 17:45:38","evento":"medida","v1":0.3844,"intensidade":5.6787},{"horario":"2023-08-25 18:02:37","evento":"medida","v4":1.7143,"intensidade":16.2394},{"horario":"2023-08-25 18:07:33","evento":"medida","v1":0.0093,"v3":0.0256,"intensidade":7.1536},{"horario":"2023-08-25 18:12:58","evento":"medida","v4":0.5499,"intensidade":7.2843},{"horario":"2023-08-25 18:18:51","evento":"medida","v1":0.0471,"v2":0.7154,"v4":0.2252,"intensidade":3.9954},{"horario":"2023-08-25 18:21:45","evento":"recalibragem","codigo":"7YUSjcSRzG"},{"horario":"2023-08-25 18:24:58","evento":"medida","v2":0.0215,"intensidade":5.6971},{"horario":"2023-08-25 18:25:38","evento":"medida","v1":0.0391,"v4":0.0302,"intensidade":1.2648},{"horario":"2023-08-25 18:26:03","evento":"medida","v4":0.5911,"intensidade":5.9672},{"horario":"2023-08-25 18:29:38","evento":"recalibragem","codigo":"vg5hcT0HfH"},{"horario":"2023-08-25 18:39:33","evento":"medida","intensidade":6.5694},{"horario":"2023-08-25 18:41:48","evento":"medida","v2":0.1745,"v3":0.249,"intensidade":14.6861},{"horario":"2023-08-25 18:49:46","evento":"recalibragem","codigo":"Ry8dkjs3WF"},{"horario":"2023-08-25 19:00:05","evento":"medida","v2":1.3726,"v3":0.0254,"v4":1.4084,"intensidade":15.4488},{"horario":"2023-08-25 19:00:17","evento":"medida","v1":0.0564,"v2":0.0581,"v3":0.0133,"intensidade":8.6818},{"horario":"2023-08-25 19:07:10","evento":"medida","v2":0.0255,"v3":0.4019,"intensidade":1.6675},{"horario":"2023-08-25 19:17:57","evento":"medida","v1":0.3609,"v2":0.3753,"v3":0.0381,"v4":0.7593,"intensidade":7.561},{"horario":"2023-08-25 19:21:22","evento":"medida","v1":0.5708,"v3":0.1633,"v4":0.9222,"intensidade":10.528},{"horario":"2023-08-25 19:21:36","evento":"medida","v2":0.0259,"v3":0.2159,"intensidade":3.6088},{"horario":"2023-08-25 19:24:20","evento":"medida","v2":0.1198,"v3":0.0706,"intensidade":7.6932},{"horario":"2023-08-25 19:25:16","evento":"medida","intensidade":9.2339},{"horario":"2023-08-25 19:28:14","evento":"medida","v4":1.5398,"intensidade":13.4081},{"horario":"2023-08-25 19:31:30","evento":"medida","v1":0.4338,"intensidade":1.2285},{"horario":"2023-08-25 19:33:48","evento":"medida","v2":0.6417,"v3":0.046,"intensidade":12.3872},{"horario":"2023-08-25 19:33:51","evento":"medida","v3":0.0515,"intensidade":4.7778},{"horario":"2023-08-25 19:43:59","evento":"medida","v1":0.0946,"v3":0.3665,"intensidade":2.8627},{"horario":"2023-08-25 19:47:01","evento":"medida","v3":0.0683,"v4":1.5382,"intensidade":12.5496},{"horario":"2023-08-25 19:47:08","evento":"medida","v1":0.0757,"v3":0.0679,"v4":0.0477,"intensidade":1.3884},{"horario":"2023-08-25 19:48:53","evento":"medida","intensidade":10.9478},{"horario":"2023-08-25 19:51:58","evento":"medida","v1":0.0095,"v2":0.378,"intensidade":3.0416},{"horario":"2023-08-25 19:55:27","evento":"medida","v3":0.1147,"intensidade":30.6647},{"horario":"2023-08-25 19:56:08","evento":"medida","v1":0.4239,"v2":0.0285,"v4":4.2863,"intensidade":34.7999},{"horario":"2023-08-25 19:57:16","evento":"medida","v1":0.1724,"v3":0.2734,"v4":0.1883,"intensidade":4.1928},{"horario":"2023-08-25 20:08:46","evento":"medida","v1":0.0144,"v2":0.3287,"v3":0.0662,"v4":0.0939,"intensidade":1.7518},{"horario":"2023-08-25 20:09:53","evento":"medida","v1":1.4594,"v4":2.9125,"intensidade":24.944},{"horario":"2023-08-25 20:09:59","evento":"medida","v2":0.377,"intensidade":3.1061},{"horario":"2023-08-25 20:11:45","evento":"medida","v1":0.3489,"v2":0.2466,"v4":4.9427,"intensidade":40.6302},{"horario":"2023-08-25 20:14:51","evento":"medida","v1":0.3099,"v3":0.0563,"intensidade":3.8193},{"horario":"2023-08-25 20:20:35","evento":"medida","v1":0.1118,"v2":0.1623,"intensidade":2.074},{"horario":"2023-08-25 20:24:01","evento":"medida","v1":0.1598,"v2":0.1205,"v3":0.2554,"v4":1.0306,"intensidade":8.7663},{"horario":"2023-08-25 20:32:56","evento":"medida","intensidade":7.2126},{"horario":"2023-08-25 20:34:46","evento":"medida","intensidade":8.5016},{"horario":"2023-08-25 20:49:18","evento":"medida","v1":0.1877,"v2":0.5399,"v3":0.1425,"v4":0.143,"intensidade":2.951},{"horario":"2023-08-25 20:52:26","evento":"medida","v2":0.7153,"v4":1.0804,"intensidade":11.3019},{"horario":"2023-08-25 20:52:48","evento":"medida","v2":0.644,"intensidade":4.8096},{"horario":"2023-08-25 20:54:45","evento":"medida","v2":2.2536,"intensidade":9.8427},{"horario":"2023-08-25 20:58:39","evento":"medida","v1":0.1014,"v2":0.1587,"v3":0.7301,"intensidade":5.3033},{"horario":"2023-08-25 20:58:40","evento":"recalibragem","codigo":"liFXCYuv9i"},{"horario":"2023-08-25 21:00:12","evento":"medida","v2":0.4301,"intensidade":21.322},{"horario":"2023-08-25 21:00:48","evento":"medida","v1":0.0303,"v3":0.3206,"intensidade":6.7018},{"horario":"2023-08-25 21:07:20","evento":"recalibragem","codigo":"TRx4q6jKPO"},{"horario":"2023-08-25 21:19:51","evento":"medida","v2":1.7153,"v4":2.566,"intensidade":25.8012},{"horario":"2023-08-25 21:21:43","evento":"medida","v1":0.0493,"v2":1.1355,"v3":0.2742,"v4":0.4652,"intensidade":7.1779},{"horario":"2023-08-25 21:26:17","evento":"medida","v2":0.3026,"v3":0.5318,"v4":2.8318,"intensidade":23.96},{"horario":"2023-08-25 21:31:26","evento":"medida","v3":0.1748,"v4":0.6409,"intensidade":7.5502},{"horario":"2023-08-25 21:47:37","evento":"recalibragem","codigo":"JNVVcctkkF"},{"horario":"2023-08-25 21:52:10","evento":"medida","v3":0.1871,"v4":0.6858,"intensidade":10.1159},{"horario":"2023-08-25 21:54:29","evento":"medida","v1":0.0914,"v2":0.3232,"v4":0.5482,"intensidade":5.4469},{"horario":"2023-08-25 21:55:30","evento":"medida","v1":0.1104,"v2":0.7016,"v3":0.0579,"intensidade":19.2228},{"horario":"2023-08-25 21:55:54","evento":"medida","v1":0.2373,"v2":0.1037,"v4":1.9065,"intensidade":15.8004},{"horario":"2023-08-25 22:01:23","evento":"medida","v2":0.4111,"v4":0.6792,"intensidade":6.8146},{"horario":"2023-08-25 22:04:39","evento":"medida","v1":0.0397,"v2":0.1044,"v3":0.0827,"intensidade":11.7317},{"horario":"2023-08-25 22:06:31","evento":"medida","v4":0.4363,"intensidade":5.7795},{"horario":"2023-08-25 22:10:18","evento":"medida","intensidade":1.8644},{"horario":"2023-08-25 22:25:33","evento":"medida","v1":0.4045,"v4":0.352,"intensidade":4.4175},{"horario":"2023-08-25 22:32:31","evento":"recalibragem","codigo":"vpYmd8h23F"},{"horario":"2023-08-25 22:36:14","evento":"medida","v4":0.5447,"intensidade":5.5171},{"horario":"2023-08-25 22:38:36","evento":"medida","intensidade":9.2885},{"horario":"2023-08-25 22:40:19","evento":"medida","intensidade":20.0226},{"horario":"2023-08-25 22:40:31","evento":"medida","v2":0.1961,"intensidade":4.2289},{"horario":"2023-08-25 22:44:30","evento":"medida","v1":0.3197,"v2":0.7832,"v3":0.0112,"intensidade":7.4217},{"horario":"2023-08-25 22:48:05","evento":"medida","v4":1.3799,"intensidade":11.4994},{"horario":"2023-08-25 22:49:02","evento":"medida","v1":0.0591,"v4":0.3393,"intensidade":3.5952},{"horario":"2023-08-25 22:54:44","evento":"medida","v1":0.1014,"v4":2.403,"intensidade":20.2496},{"horario":"2023-08-25 22:57:17","evento":"medida","v2":0.0008,"v4":0.2814,"intensidade":2.4011},{"horario":"2023-08-25 23:02:59","evento":"recalibragem","codigo":"6xkHtTgfXg"},{"horario":"2023-08-25 23:10:41","evento":"medida","v2":0.0362,"intensidade":7.8118},{"horario":"2023-08-25 23:15:34","evento":"medida","v3":0.1091,"intensidade":5.2567},{"horario":"2023-08-25 23:19:57","evento":"medida","v1":0.2089,"v2":0.522,"intensidade":5.3533},{"horario":"2023-08-25 23:20:17","evento":"medida","v2":0.18,"v3":0.0238,"v4":0.4671,"intensidade":4.3728},{"horario":"2023-08-25 23:34:09","evento":"medida","v1":0.1261,"v4":0.507,"intensidade":6.092},{"horario":"2023-08-25 23:36:36","evento":"medida","v2":0.2918,"v4":0.8838,"intensidade":8.302},{"horario":"2023-08-25 23:45:57","evento":"recalibragem","codigo":"kPgGkve8BB"},{"horario":"2023-08-25 23:49:11","evento":"medida","v4":0.0881,"intensidade":3.9637},{"horario":"2023-08-25 23:54:47","evento":"medida","v1":0.1107,"v2":0.1207,"v4":3.983,"intensidade":32.3369},{"horario":"2023-08-25 23:55:14","evento":"medida","v2":0.07,"v3":0.1007,"intensidade":2.7737},{"horario":"2023-08-25 23:55:22","evento":"medida","v2":0.3176,"v4":0.9478,"intensidade":8.5609},{"horario":"2023-08-26 00:15:24","evento":"medida","intensidade":5.8213},{"horario":"2023-08-26 00:24:38","evento":"medida","v2":0.6557,"v3":0.2959,"intensidade":7.0125},{"horario":"2023-08-26 00:25:39","evento":"medida","v2":0.0144,"intensidade":14.8982},{"horario":"2023-08-26 00:29:44","evento":"medida","v2":0.1789,"v3":0.0529,"v4":2.7296,"intensidade":22.6704},{"horario":"2023-08-26 00:34:29","evento":"medida","v1":0.02,"v3":0.1638,"v4":2.8545,"intensidade":26.8663},{"horario":"2023-08-26 00:38:23","evento":"medida","v1":0.0899,"v2":0.8161,"v3":0.2887,"intensidade":2.7193},{"horario":"2023-08-26 00:44:28","evento":"medida","v2":0.5294,"v3":0.2809,"v4":1.1824,"intensidade":11.1493},{"horario":"2023-08-26 00:46:07","evento":"medida","v1":0.0343,"v3":0.2383,"v4":0.3073,"intensidade":3.628},{"horario":"2023-08-26 00:53:05","evento":"medida","v2":0.2188,"v3":0.3496,"intensidade":8.7737},{"horario":"2023-08-26 00:53:26","evento":"medida","v1":0.729,"v3":0.0012,"intensidade":6.5561},{"horario":"2023-08-26 00:55:18","evento":"medida","v1":0.2775,"v2":1.0134,"v4":0.1389,"intensidade":4.4291},{"horario":"2023-08-26 00:58:31","evento":"medida","intensidade":4.8707},{"horario":"2023-08-26 00:59:36","evento":"medida","v1":0.1451,"v2":1.9483,"intensidade":10.7084},{"horario":"2023-08-26 01:06:47","evento":"medida","v2":0.6738,"v3":0.0702,"intensidade":3.4435},{"horario":"2023-08-26 01:17:16","evento":"medida","v2":0.8193,"v3":0.1143,"intensidade":8.8507},{"horario":"2023-08-26 01:18:35","evento":"medida","v1":0.1201,"v2":0.8904,"v3":0.0525,"intensidade":7.3628},{"horario":"2023-08-26 01:19:32","evento":"medida","intensidade":2.007},{"horario":"2023-08-26 01:19:58","evento":"medida","v1":0.7881,"v2":0.0535,"intensidade":21.8004},{"horario":"2023-08-26 01:21:02","evento":"medida","v1":0.3658,"v2":0.8084,"v3":0.006,"intensidade":6.5414},{"horario":"2023-08-26 01:22:36","evento":"medida","v2":0.1881,"v3":0.2775,"v4":0.341,"intensidade":3.4231},{"horario":"2023-08-26 01:28:05","evento":"medida","intensidade":7.3481},{"horario":"2023-08-26 01:28:40","evento":"medida","v2":0.4688,"v4":0.0257,"intensidade":1.8413},{"horario":"2023-08-26 01:31:32","evento":"medida","v2":0.1764,"v3":0.1295,"intensidade":2.1829},{"horario":"2023-08-26 01:36:59","evento":"medida","v1":0.0247,"v2":1.0874,"v3":0.5624,"v4":0.4918,"intensidade":7.2216},{"horario":"2023-08-26 01:37:51","evento":"medida","v1":0.0984,"v2":0.4122,"v4":0.4507,"intensidade":4.9404},{"horario":"2023-08-26 01:40:25","evento":"medida","v1":0.2665,"intensidade":2.4598},{"horario":"2023-08-26 01:40:48","evento":"medida","v1":0.3501,"v2":0.0218,"intensidade":0.8213},{"horario":"2023-08-26 01:41:37","evento":"medida","v1":0.3021,"v2":0.3585,"intensidade":9.8949},{"horario":"2023-08-26 01:43:01","evento":"medida","v3":0.308,"intensidade":0.7578},{"horario":"2023-08-26 01:44:37","evento":"recalibragem","codigo":"5VAUCTfHIb"},{"horario":"2023-08-26 01:44:54","evento":"medida","v1":0.0182,"intensidade":2.9687},{"horario":"2023-08-26 01:47:31","evento":"medida","v2":0.3062,"v4":1.3638,"intensidade":11.8652},{"horario":"2023-08-26 02:00:27","evento":"medida","v4":0.5958,"intensidade":5.331},{"horario":"2023-08-26 02:01:28","evento":"medida","v1":0.0908,"intensidade":4.6195},{"horario":"2023-08-26 02:15:01","evento":"medida","v3":0.0096,"intensidade":2.953},{"horario":"2023-08-26 02:27:33","evento":"medida","v2":1.8374,"v3":0.1558,"v4":0.2014,"intensidade":7.1443},{"horario":"2023-08-26 02:34:37","evento":"medida","v3":0.3709,"intensidade":4.6823},{"horario":"2023-08-26 02:34:39","evento":"medida","v1":0.0691,"v2":0.0077,"v3":0.0025,"intensidade":7.8452},{"horario":"2023-08-26 02:38:41","evento":"medida","v2":0.1285,"v3":0.2393,"intensidade":5.3834},{"horario":"2023-08-26 02:49:44","evento":"medida","v4":0.3391,"intensidade":6.8256},{"horario":"2023-08-26 02:50:05","evento":"medida","v1":0.3933,"v2":0.0788,"v3":0.2695,"v4":1.6453,"intensidade":13.7923},{"horario":"2023-08-26 03:00:34","evento":"recalibragem","codigo":"VyLxhLcQTx"},{"horario":"2023-08-26 03:04:32","evento":"recalibragem","codigo":"rJJySCgK7i"},{"horario":"2023-08-26 03:04:59","evento":"medida","v1":0.0295,"v2":0.5947,"v4":0.2521,"intensidade":3.8303},{"horario":"2023-08-26 03:09:11","evento":"medida","v3":0.248,"intensidade":9.0607},{"horario":"2023-08-26 03:10:56","evento":"medida","v2":1.0041,"v3":0.14,"v4":0.3105,"intensidade":6.1398},{"horario":"2023-08-26 03:16:17","evento":"medida","v4":0.0562,"intensidade":2.4621},{"horario":"2023-08-26 03:22:53","evento":"recalibragem","codigo":"y4YRAd5CIm"},{"horario":"2023-08-26 03:31:12","evento":"medida","v1":0.0175,"v2":0.2982,"intensidade":13.6157},{"horario":"2023-08-26 03:31:37","evento":"medida","intensidade":6.8203},{"horario":"2023-08-26 03:32:49","evento":"medida","v4":1.1591,"intensidade":9.6353},{"horario":"2023-08-26 03:36:52","evento":"medida","v4":0.2191,"intensidade":3.9776},{"horario":"2023-08-26 03:37:14","evento":"recalibragem","codigo":"O9hHNCNfvU"},{"horario":"2023-08-26 03:43:19","evento":"medida","v3":0.2988,"intensidade":5.9084},{"horario":"2023-08-26 03:47:42","evento":"medida","v2":0.6491,"v3":0.1894,"intensidade":18.327},{"horario":"2023-08-26 03:49:31","evento":"medida","v2":0.7547,"v3":0.1888,"intensidade":9.3142},{"horario":"2023-08-26 03:49:40","evento":"medida","v3":0.0413,"v4":2.3586,"intensidade":21.1366},{"horario":"2023-08-26 03:53:48","evento":"medida","v1":0.325,"v2":0.6345,"v3":0.1618,"v4":0.2614,"intensidade":4.3195},{"horario":"2023-08-26 03:53:56","evento":"medida","v4":0.4056,"intensidade":8.9697},{"horario":"2023-08-26 03:56:31","evento":"medida","v2":0.277,"v3":0.0712,"intensidade":10.2774},{"horario":"2023-08-26 03:57:04","evento":"medida","v1":0.5131,"v4":3.5186,"intensidade":29.8723},{"horario":"2023-08-26 04:05:47","evento":"medida","v1":1.1863,"v2":0.038,"v3":0.1451,"v4":0.3857,"intensidade":4.3857},{"horario":"2023-08-26 04:09:46","evento":"medida","v2":0.0787,"v4":0.6329,"intensidade":5.4612},{"horario":"2023-08-26 04:10:03","evento":"medida","v2":0.1445,"intensidade":4.8224},{"horario":"2023-08-26 04:11:08","evento":"medida","v1":0.3465,"v2":0.0281,"v3":0.3838,"v4":0.3796,"intensidade":3.4679},{"horario":"2023-08-26 04:15:04","evento":"medida","v2":0.7658,"v3":0.2029,"v4":0.8081,"intensidade":9.1895},{"horario":"2023-08-26 04:15:26","evento":"medida","v1":0.2261,"v2":1.255,"intensidade":15.4995},{"horario":"2023-08-26 04:21:38","evento":"recalibragem","codigo":"SST5XhE9CZ"},{"horario":"2023-08-26 04:23:07","evento":"medida","intensidade":21.2952},{"horario":"2023-08-26 04:25:17","evento":"medida","v1":0.2758,"v3":0.0091,"intensidade":6.4054},{"horario":"2023-08-26 04:29:48","evento":"recalibragem","codigo":"XpXKJ2RQTw"},{"horario":"2023-08-26 04:38:15","evento":"medida","v1":0.1825,"v2":1.6321,"v4":0.147,"intensidade":6.2549},{"horario":"2023-08-26 04:46:37","evento":"medida","v1":0.9234,"v3":0.2688,"intensidade":26.4404},{"horario":"2023-08-26 04:49:49","evento":"medida","v2":0.6967,"v3":0.131,"v4":1.79,"intensidade":16.5788},{"horario":"2023-08-26 05:10:10","evento":"medida","v2":0.3167,"intensidade":13.4676},{"horario":"2023-08-26 05:11:34","evento":"medida","v3":0.0194,"intensidade":4.1999},{"horario":"2023-08-26 05:13:45","evento":"medida","v2":0.8705,"v4":0.0743,"intensidade":3.7757},{"horario":"2023-08-26 05:20:48","evento":"medida","v3":0.1396,"v4":0.5927,"intensidade":5.2037},{"horario":"2023-08-26 05:24:18","evento":"medida","v1":0.8308,"v2":0.118,"v3":0.2739,"intensidade":11.5271},{"horario":"2023-08-26 05:24:39","evento":"medida","v2":0.5301,"v3":0.1322,"intensidade":7.7097},{"horario":"2023-08-26 05:26:32","evento":"recalibragem","codigo":"Sbmstc2WhN"},{"horario":"2023-08-26 05:27:01","evento":"medida","v1":0.4124,"v3":0.0184,"v4":1.782,"intensidade":14.8408},{"horario":"2023-08-26 05:38:17","evento":"medida","v1":0.1645,"v4":1.0454,"intensidade":9.6009},{"horario":"2023-08-26 05:42:47","evento":"medida","v2":0.0592,"intensidade":3.7591},{"horario":"2023-08-26 05:43:55","evento":"medida","v1":0.0172,"v2":0.941,"v4":0.7321,"intensidade":8.697},{"horario":"2023-08-26 05:47:58","evento":"medida","v2":0.9015,"intensidade":5.5139},{"horario":"2023-08-26 05:49:31","evento":"medida","v4":0.3455,"intensidade":4.5994},{"horario":"2023-08-26 05:56:24","evento":"medida","v1":0.7135,"intensidade":17.7463},{"horario":"2023-08-26 06:06:23","evento":"medida","v1":0.0056,"v2":0.468,"v4":0.3076,"intensidade":3.8704},{"horario":"2023-08-26 06:12:33","evento":"medida","intensidade":25.4356},{"horario":"2023-08-26 06:14:01","evento":"medida","v1":0.0279,"v2":0.3765,"intensidade":7.9691},{"horario":"2023-08-26 06:15:36","evento":"medida","v3":0.0591,"v4":0.3812,"intensidade":5.5813},{"horario":"2023-08-26 06:27:29","evento":"medida","v1":0.1211,"v3":0.3085,"v4":3.2713,"intensidade":27.6525},{"horario":"2023-08-26 06:33:06","evento":"medida","v3":0.0325,"v4":0.517,"intensidade":5.415},{"horario":"2023-08-26 06:39:42","evento":"medida","v4":0.0824,"intensidade":2.0825},{"horario":"2023-08-26 06:39:51","evento":"medida","v2":0.0456,"v3":0.1691,"intensidade":8.7378},{"horario":"2023-08-26 06:41:41","evento":"medida","v3":0.1377,"v4":1.7912,"intensidade":16.764},{"horario":"2023-08-26 06:41:43","evento":"medida","intensidade":9.8069},{"horario":"2023-08-26 06:46:30","evento":"medida","v1":0.732,"v2":0.0223,"v3":0.0185,"intensidade":9.9821},{"horario":"2023-08-26 06:49:23","evento":"medida","v1":0.0697,"v3":0.7612,"v4":0.0287,"intensidade":1.8033},{"horario":"2023-08-26 06:50:17","evento":"medida","v3":0.1177,"v4":0.3877,"intensidade":3.3336},{"horario":"2023-08-26 06:51:31","evento":"medida","v2":0.0593,"v4":0.0126,"intensidade":0.4832},{"horario":"2023-08-26 06:52:05","evento":"medida","v4":0.0242,"intensidade":1.2363},{"horario":"2023-08-26 06:53:19","evento":"medida","v1":0.5137,"v3":0.0624,"v4":2.6783,"intensidade":22.4514},{"horario":"2023-08-26 07:08:58","evento":"recalibragem","codigo":"KrK4rA5Jju"},{"horario":"2023-08-26 07:09:56","evento":"recalibragem","codigo":"PQV663hbKw"},{"horario":"2023-08-26 07:15:52","evento":"medida","v1":0.6154,"v2":1.6923,"v3":0.2971,"intensidade":10.1408},{"horario":"2023-08-26 07:22:52","evento":"medida","v1":0.3679,"v3":0.1834,"intensidade":9.6971},{"horario":"2023-08-26 07:25:20","evento":"medida","v3":0.0312,"intensidade":3.0499},{"horario":"2023-08-26 07:39:13","evento":"medida","v4":5.3854,"intensidade":43.4345},{"horario":"2023-08-26 07:49:33","evento":"medida","v1":0.6084,"v2":0.2782,"v4":1.7498,"intensidade":15.4414},{"horario":"2023-08-26 07:58:14","evento":"medida","v1":0.4078,"v4":1.8854,"intensidade":17.9573},{"horario":"2023-08-26 08:10:34","evento":"medida","v1":0.0016,"v3":0.0184,"intensidade":6.2959},{"horario":"2023-08-26 08:20:09","evento":"recalibragem","codigo":"ViIeri02AP"},{"horario":"2023-08-26 08:26:46","evento":"medida","v2":0.0186,"intensidade":8.634},{"horario":"2023-08-26 08:27:00","evento":"medida","v2":0.8924,"intensidade":6.153},{"horario":"2023-08-26 08:29:29","evento":"medida","v1":0.2741,"v2":0.6603,"v3":0.0156,"intensidade":2.4664},{"horario":"2023-08-26 08:37:53","evento":"medida","v1":0.0162,"v3":0.1694,"intensidade":10.4029},{"horario":"2023-08-26 08:43:00","evento":"medida","v3":0.0259,"intensidade":12.0176},{"horario":"2023-08-26 08:43:46","evento":"medida","v1":0.0614,"v4":0.7806,"intensidade":11.9004},{"horario":"2023-08-26 08:51:21","evento":"medida","v2":0.2604,"intensidade":19.6646},{"horario":"2023-08-26 08:55:11","evento":"medida","v3":0.3126,"intensidade":4.0571},{"horario":"2023-08-26 09:00:14","evento":"medida","v1":0.4741,"v2":0.4304,"v4":1.2592,"intensidade":11.8391},{"horario":"2023-08-26 09:02:44","evento":"medida","v2":0.1334,"v3":0.0474,"intensidade":7.762},{"horario":"2023-08-26 09:08:38","evento":"medida","v1":0.5797,"v2":0.4952,"v3":0.0161,"intensidade":2.6032},{"horario":"2023-08-26 09:14:35","evento":"recalibragem","codigo":"4H9XHT6oER"},{"horario":"2023-08-26 09:26:06","evento":"medida","v1":1.1422,"v3":0.0389,"v4":0.2585,"intensidade":3.2855},{"horario":"2023-08-26 09:30:30","evento":"medida","v2":0.0425,"v4":1.7584,"intensidade":14.2763},{"horario":"2023-08-26 09:42:24","evento":"medida","intensidade":5.3835},{"horario":"2023-08-26 10:01:32","evento":"medida","v2":0.0871,"v4":0.198,"intensidade":1.8575},{"horario":"2023-08-26 10:04:44","evento":"medida","v2":0.2811,"v4":1.3843,"intensidade":11.9635},{"horario":"2023-08-26 10:14:43","evento":"medida","v2":0.5099,"intensidade":4.9912},{"horario":"2023-08-26 10:27:32","evento":"medida","v1":0.0048,"v2":0.2453,"v3":0.0182,"intensidade":1.3676},{"horario":"2023-08-26 10:40:20","evento":"medida","v1":0.2022,"intensidade":8.1518},{"horario":"2023-08-26 10:46:24","evento":"medida","v1":0.2349,"v2":0.158,"v3":0.0119,"v4":0.9761,"intensidade":8.5177},{"horario":"2023-08-26 11:01:11","evento":"medida","v4":1.537,"intensidade":13.0598},{"horario":"2023-08-26 11:02:05","evento":"medida","v1":0.0613,"v2":0.1474,"v3":0.1012,"v4":0.4006,"intensidade":3.7081},{"horario":"2023-08-26 11:03:07","evento":"medida","v1":0.5757,"v3":0.1027,"v4":3.6792,"intensidade":30.952},{"horario":"2023-08-26 11:03:12","evento":"medida","v1":0.0132,"v2":1.3746,"v4":0.1544,"intensidade":5.3726},{"horario":"2023-08-26 11:03:53","evento":"medida","v4":0.5789,"intensidade":6.23},{"horario":"2023-08-26 11:04:06","evento":"medida","v3":0.003,"v4":1.179,"intensidade":11.8343},{"horario":"2023-08-26 11:05:15","evento":"recalibragem","codigo":"ei1GwFYooB"},{"horario":"2023-08-26 11:08:42","evento":"medida","v3":0.0499,"v4":0.2878,"intensidade":2.9507},{"horario":"2023-08-26 11:16:54","evento":"medida","v1":0.6835,"v2":0.055,"v4":0.1305,"intensidade":1.8921},{"horario":"2023-08-26 11:18:59","evento":"medida","v1":0.1137,"v4":0.7724,"intensidade":6.8632},{"horario":"2023-08-26 11:23:15","evento":"medida","v1":0.1116,"v2":0.2472,"intensidade":15.8392},{"horario":"2023-08-26 11:28:28","evento":"recalibragem","codigo":"T6FJrMP7Bj"},{"horario":"2023-08-26 11:37:49","evento":"medida","v3":0.852,"intensidade":3.4712},{"horario":"2023-08-26 11:39:23","evento":"medida","v2":0.4047,"v3":0.5251,"v4":1.9004,"intensidade":16.5981},{"horario":"2023-08-26 11:45:04","evento":"medida","v4":1.2768,"intensidade":12.1019},{"horario":"2023-08-26 11:49:23","evento":"medida","v1":0.7208,"v3":0.1176,"intensidade":9.3916},{"horario":"2023-08-26 11:51:36","evento":"recalibragem","codigo":"KqHfcQoznE"},{"horario":"2023-08-26 11:55:07","evento":"medida","v1":0.0362,"v4":0.2256,"intensidade":1.9854},{"horario":"2023-08-26 11:56:39","evento":"medida","v1":0.0861,"intensidade":6.067},{"horario":"2023-08-26 11:59:34","evento":"medida","v1":0.0172,"intensidade":8.348},{"horario":"2023-08-26 12:08:01","evento":"medida","v1":0.0411,"v2":0.289,"intensidade":16.0192},{"horario":"2023-08-26 12:14:43","evento":"medida","v1":0.0392,"v4":1.3701,"intensidade":11.2954},{"horario":"2023-08-26 12:16:35","evento":"medida","v1":0.3639,"intensidade":17.3995},{"horario":"2023-08-26 12:29:07","evento":"medida","v3":0.0876,"intensidade":1.5932},{"horario":"2023-08-26 12:33:25","evento":"medida","v2":0.7708,"intensidade":27.863},{"horario":"2023-08-26 12:37:58","evento":"medida","v1":0.229,"v4":1.7041,"intensidade":16.6431},{"horario":"2023-08-26 12:47:43","evento":"medida","v3":0.1278,"intensidade":2.7946},{"horario":"2023-08-26 12:48:43","evento":"medida","v3":0.0653,"v4":0.6109,"intensidade":5.35},{"horario":"2023-08-26 12:58:22","evento":"medida","intensidade":14.3542},{"horario":"2023-08-26 13:00:33","evento":"medida","v1":0.1781,"v4":0.2595,"intensidade":2.4431},{"horario":"2023-08-26 13:10:56","evento":"medida","v2":1.0555,"v3":0.1987,"intensidade":3.8409},{"horario":"2023-08-26 13:14:54","evento":"medida","v1":0.0461,"v3":0.2492,"intensidade":6.9284},{"horario":"2023-08-26 13:18:58","evento":"medida","v1":0.4622,"v2":0.131,"v3":0.0056,"v4":1.0428,"intensidade":9.1974},{"horario":"2023-08-26 13:25:19","evento":"medida","v1":0.0745,"v3":0.1909,"intensidade":11.8185},{"horario":"2023-08-26 13:26:13","evento":"medida","v3":0.0739,"intensidade":7.4462},{"horario":"2023-08-26 13:32:06","evento":"medida","v1":0.1641,"v4":1.5979,"intensidade":13.2393},{"horario":"2023-08-26 13:33:47","evento":"medida","v1":0.0586,"v3":0.7064,"v4":1.291,"intensidade":10.969},{"horario":"2023-08-26 13:40:31","evento":"medida","intensidade":3.4934},{"horario":"2023-08-26 13:40:52","evento":"medida","v2":0.6453,"v3":0.0221,"v4":0.5319,"intensidade":6.2643},{"horario":"2023-08-26 13:44:27","evento":"medida","v1":0.1982,"v2":0.1668,"v3":0.487,"v4":1.0005,"intensidade":8.7026},{"horario":"2023-08-26 13:45:25","evento":"medida","v1":0.9814,"v3":0.3973,"v4":0.0333,"intensidade":1.4909},{"horario":"2023-08-26 13:48:28","evento":"medida","v2":0.3988,"v4":0.2217,"intensidade":3.1574},{"horario":"2023-08-26 14:00:40","evento":"medida","v1":0.0365,"v3":0.0349,"v4":0.0979,"intensidade":2.6442},{"horario":"2023-08-26 14:08:23","evento":"medida","v1":0.1194,"v2":0.3583,"v4":0.0522,"intensidade":1.6117},{"horario":"2023-08-26 14:11:51","evento":"medida","v2":0.3882,"v3":0.0101,"intensidade":6.7026},{"horario":"2023-08-26 14:15:59","evento":"medida","v1":0.0905,"intensidade":5.3688},{"horario":"2023-08-26 14:16:09","evento":"medida","v3":0.0015,"v4":1.7551,"intensidade":15.1038},{"horario":"2023-08-26 14:22:18","evento":"medida","v3":0.3415,"v4":0.33,"intensidade":3.477},{"horario":"2023-08-26 14:28:02","evento":"medida","v1":0.0776,"v2":0.9444,"v3":0.1736,"v4":2.6372,"intensidade":24.0086},{"horario":"2023-08-26 14:31:46","evento":"medida","v1":0.25,"v4":0.3853,"intensidade":3.4229},{"horario":"2023-08-26 14:33:45","evento":"medida","v4":0.2986,"intensidade":3.196},{"horario":"2023-08-26 14:55:53","evento":"medida","v2":0.6763,"v3":0.4316,"v4":0.8215,"intensidade":8.9547},{"horario":"2023-08-26 14:56:19","evento":"medida","v1":0.0043,"v3":0.0193,"v4":0.5949,"intensidade":4.9994},{"horario":"2023-08-26 15:00:02","evento":"medida","v4":0.8616,"intensidade":7.8161},{"horario":"2023-08-26 15:22:06","evento":"medida","v4":0.6489,"intensidade":6.0528},{"horario":"2023-08-26 15:25:24","evento":"recalibragem","codigo":"2ny99yvIez"},{"horario":"2023-08-26 15:26:40","evento":"medida","v3":0.1755,"v4":1.18,"intensidade":9.622},{"horario":"2023-08-26 15:36:23","evento":"medida","v1":0.1876,"v4":0.9554,"intensidade":10.4288},{"horario":"2023-08-26 15:42:46","evento":"medida","v2":0.1368,"v3":0.2109,"intensidade":14.7889},{"horario":"2023-08-26 15:43:18","evento":"medida","v1":0.5049,"intensidade":2.4903},{"horario":"2023-08-26 15:48:23","evento":"recalibragem","codigo":"OGQvNWxfBC"},{"horario":"2023-08-26 15:50:04","evento":"medida","v2":0.1171,"v4":0.3751,"intensidade":3.3593},{"horario":"2023-08-26 15:53:05","evento":"medida","v1":0.0547,"v3":0.0663,"intensidade":4.9139},{"horario":"2023-08-26 15:53:10","evento":"medida","v1":0.1297,"v2":0.1921,"intensidade":3.1461},{"horario":"2023-08-26 16:04:49","evento":"medida","v1":0.1533,"v3":0.1176,"intensidade":0.5651},{"horario":"2023-08-26 16:10:51","evento":"medida","v1":0.1244,"v2":0.0586,"v3":0.1648,"intensidade":0.3321},{"horario":"2023-08-26 16:14:43","evento":"medida","v1":0.1647,"v3":0.0228,"intensidade":5.1892},{"horario":"2023-08-26 16:21:38","evento":"medida","v1":0.2688,"v4":0.2762,"intensidade":5.1069},{"horario":"2023-08-26 16:21:51","evento":"medida","v2":1.0122,"v3":0.1226,"intensidade":6.8744},{"horario":"2023-08-26 16:28:23","evento":"medida","v1":0.2048,"v2":0.7512,"v3":0.1699,"intensidade":3.2409},{"horario":"2023-08-26 16:35:54","evento":"medida","v2":0.1302,"v3":0.0111,"v4":0.7107,"intensidade":6.2994},{"horario":"2023-08-26 16:36:58","evento":"medida","v1":0.0468,"v2":0.078,"v4":0.1749,"intensidade":1.6804},{"horario":"2023-08-26 16:38:00","evento":"medida","v3":0.4215,"v4":0.0296,"intensidade":9.0116},{"horario":"2023-08-26 16:41:59","evento":"medida","intensidade":6.876},{"horario":"2023-08-26 16:42:41","evento":"medida","v1":0.325,"v4":0.6819,"intensidade":14.0283},{"horario":"2023-08-26 16:50:38","evento":"medida","v1":0.2471,"v2":0.1211,"v3":0.448,"v4":1.414,"intensidade":11.9224},{"horario":"2023-08-26 16:56:50","evento":"medida","v2":0.2495,"v3":0.0216,"v4":0.6018,"intensidade":6.0391},{"horario":"2023-08-26 17:02:15","evento":"recalibragem","codigo":"z4LibAfCTj"},{"horario":"2023-08-26 17:12:04","evento":"medida","v4":1.2055,"intensidade":10.8222},{"horario":"2023-08-26 17:14:57","evento":"medida","v1":0.013,"v4":0.7922,"intensidade":6.3977},{"horario":"2023-08-26 17:16:49","evento":"medida","v4":1.0803,"intensidade":9.0646},{"horario":"2023-08-26 17:21:14","evento":"medida","v2":0.8139,"v4":0.8983,"intensidade":9.9522},{"horario":"2023-08-26 17:25:45","evento":"medida","v1":0.1021,"v2":0.4687,"intensidade":5.3126},{"horario":"2023-08-26 17:26:04","evento":"medida","v1":0.2638,"v2":0.1476,"v3":0.1964,"v4":1.3435,"intensidade":11.4549},{"horario":"2023-08-26 17:35:27","evento":"medida","v3":0.48,"v4":1.5915,"intensidade":15.0954},{"horario":"2023-08-26 17:37:09","evento":"medida","v4":0.4452,"intensidade":5.058},{"horario":"2023-08-26 17:48:42","evento":"medida","v2":1.509,"v4":0.7757,"intensidade":10.8552},{"horario":"2023-08-26 17:49:28","evento":"medida","intensidade":8.1261},{"horario":"2023-08-26 17:49:54","evento":"recalibragem","codigo":"61y1JX9z1x"},{"horario":"2023-08-26 17:56:13","evento":"medida","intensidade":27.5027},{"horario":"2023-08-26 17:57:00","evento":"medida","v1":0.215,"v3":0.0472,"intensidade":10.2787},{"horario":"2023-08-26 17:59:03","evento":"medida","v1":0.1756,"v3":0.073,"v4":0.4289,"intensidade":4.3857},{"horario":"2023-08-26 18:03:48","evento":"medida","v1":0.356,"v2":0.0703,"v3":0.005,"v4":2.5081,"intensidade":20.6318},{"horario":"2023-08-26 18:09:57","evento":"medida","v1":0.1955,"v2":0.027,"v4":0.0751,"intensidade":0.8776},{"horario":"2023-08-26 18:15:42","evento":"medida","v2":0.4094,"v3":0.0022,"intensidade":6.6817},{"horario":"2023-08-26 18:25:48","evento":"medida","v1":0.3114,"v4":0.6973,"intensidade":6.6378},{"horario":"2023-08-26 18:32:51","evento":"medida","v2":0.2826,"v3":0.4429,"intensidade":5.8672},{"horario":"2023-08-26 18:39:14","evento":"medida","v1":0.0284,"v2":0.6821,"v3":0.0091,"intensidade":10.8449},{"horario":"2023-08-26 18:43:28","evento":"medida","v1":0.1498,"v2":0.1687,"intensidade":3.2397},{"horario":"2023-08-26 19:00:17","evento":"recalibragem","codigo":"TWy43Fdxxk"},{"horario":"2023-08-26 19:02:26","evento":"medida","v3":0.0414,"intensidade":7.8315},{"horario":"2023-08-26 19:03:48","evento":"medida","v1":0.2059,"v3":0.5094,"v4":2.2127,"intensidade":18.1631},{"horario":"2023-08-26 19:05:55","evento":"medida","v3":0.01,"v4":1.8441,"intensidade":19.4017},{"horario":"2023-08-26 19:10:12","evento":"medida","v4":0.6466,"intensidade":5.5289},{"horario":"2023-08-26 19:18:31","evento":"medida","v2":0.3413,"v3":0.1328,"intensidade":6.3804},{"horario":"2023-08-26 19:18:54","evento":"medida","intensidade":5.7215},{"horario":"2023-08-26 19:19:10","evento":"medida","v1":0.553,"v3":0.1979,"intensidade":2.8673},{"horario":"2023-08-26 19:35:21","evento":"medida","v1":0.3404,"v2":0.0513,"v4":0.6526,"intensidade":5.7153},{"horario":"2023-08-26 19:35:36","evento":"medida","v2":1.0344,"intensidade":4.7486},{"horario":"2023-08-26 19:38:12","evento":"medida","v1":0.3322,"v2":0.2058,"v3":0.079,"intensidade":8.6626},{"horario":"2023-08-26 19:41:16","evento":"medida","v1":0.091,"v3":0.1042,"intensidade":5.8889},{"horario":"2023-08-26 19:46:29","evento":"medida","v1":0.1963,"v2":0.129,"v4":2.1315,"intensidade":17.6351},{"horario":"2023-08-26 19:50:16","evento":"medida","v1":0.1574,"v3":0.046,"intensidade":3.5295},{"horario":"2023-08-26 19:53:44","evento":"medida","v4":0.5735,"intensidade":4.9551},{"horario":"2023-08-26 19:57:37","evento":"medida","v1":0.2752,"v2":0.3713,"v3":0.0359,"v4":0.389,"intensidade":4.5014},{"horario":"2023-08-26 20:10:02","evento":"medida","v1":0.0587,"v2":0.1487,"v3":0.1123,"intensidade":11.1404},{"horario":"2023-08-26 20:14:17","evento":"medida","v1":0.3965,"v2":0.4143,"v3":0.0607,"intensidade":11.868},{"horario":"2023-08-26 20:16:42","evento":"medida","v1":0.2201,"v2":0.3239,"v4":0.7191,"intensidade":6.9445},{"horario":"2023-08-26 20:19:06","evento":"medida","v1":0.1614,"v2":1.1286,"v3":0.2293,"v4":0.5772,"intensidade":8.1649},{"horario":"2023-08-26 20:27:47","evento":"medida","v1":0.4271,"v2":0.6176,"intensidade":6.5232},{"horario":"2023-08-26 20:31:50","evento":"medida","intensidade":2.1548},{"horario":"2023-08-26 20:32:39","evento":"medida","v4":0.4583,"intensidade":5.2325},{"horario":"2023-08-26 20:36:48","evento":"medida","v2":0.2193,"intensidade":3.561},{"horario":"2023-08-26 20:45:28","evento":"medida","v2":1.0331,"v4":2.008,"intensidade":19.6388},{"horario":"2023-08-26 20:46:20","evento":"recalibragem","codigo":"iw9u66445P"},{"horario":"2023-08-26 20:51:22","evento":"medida","v2":0.1726,"v3":0.1487,"intensidade":7.6984},{"horario":"2023-08-26 20:54:59","evento":"medida","v1":0.5901,"v2":0.2593,"v3":0.2153,"intensidade":18.4018},{"horario":"2023-08-26 20:57:35","evento":"recalibragem","codigo":"qcZDmIyksc"},{"horario":"2023-08-26 20:58:13","evento":"medida","v1":0.0175,"v2":3.1285,"v3":0.2491,"v4":0.4127,"intensidade":12.7044},{"horario":"2023-08-26 21:09:58","evento":"medida","v2":0.8466,"v3":0.0407,"intensidade":5.5514},{"horario":"2023-08-26 21:34:49","evento":"medida","v4":0.2824,"intensidade":4.0087},{"horario":"2023-08-26 21:37:46","evento":"recalibragem","codigo":"Vl820xf8k8"},{"horario":"2023-08-26 21:43:59","evento":"medida","v1":0.1664,"v3":0.6768,"intensidade":5.1416},{"horario":"2023-08-26 21:47:38","evento":"recalibragem","codigo":"lcqMQMlibm"},{"horario":"2023-08-26 21:56:46","evento":"medida","v1":0.0339,"v4":2.3609,"intensidade":23.1779},{"horario":"2023-08-26 21:59:50","evento":"medida","v3":0.2996,"v4":1.4898,"intensidade":13.6838},{"horario":"2023-08-26 22:01:20","evento":"medida","v1":0.2402,"v2":0.0079,"v3":0.0063,"v4":0.3086,"intensidade":2.7326},{"horario":"2023-08-26 22:01:49","evento":"medida","v1":0.0621,"v2":1.5759,"intensidade":6.0021},{"horario":"2023-08-26 22:39:58","evento":"medida","v1":0.5111,"v2":0.1414,"v3":0.1513,"v4":1.6582,"intensidade":14.2006},{"horario":"2023-08-26 22:46:37","evento":"medida","v3":0.0033,"v4":0.1311,"intensidade":1.151},{"horario":"2023-08-26 23:00:27","evento":"medida","v4":0.092,"intensidade":1.3212},{"horario":"2023-08-26 23:06:17","evento":"medida","v2":0.2302,"v3":0.2045,"v4":0.9955,"intensidade":8.8028},{"horario":"2023-08-26 23:14:44","evento":"medida","v2":0.5103,"v3":0.1892,"v4":0.5788,"intensidade":6.2062},{"horario":"2023-08-26 23:24:20","evento":"medida","v2":0.6069,"v3":0.0084,"intensidade":6.1882},{"horario":"2023-08-26 23:35:24","evento":"medida","v2":0.309,"v4":0.5589,"intensidade":5.7371},{"horario":"2023-08-26 23:35:43","evento":"recalibragem","codigo":"lOJ3VzYZxN"},{"horario":"2023-08-26 23:37:27","evento":"medida","v4":2.9082,"intensidade":24.4559},{"horario":"2023-08-26 23:37:31","evento":"medida","v1":0.2999,"v4":0.5475,"intensidade":5.2306},{"horario":"2023-08-26 23:38:54","evento":"medida","v2":0.0271,"v4":0.4752,"intensidade":4.1464},{"horario":"2023-08-26 23:39:41","evento":"medida","v1":0.1308,"v3":0.068,"v4":1.2169,"intensidade":13.6737},{"horario":"2023-08-26 23:51:32","evento":"medida","v1":0.2416,"v2":0.0957,"intensidade":14.6408},{"horario":"2023-08-26 23:53:13","evento":"medida","v2":0.1029,"v4":3.0173,"intensidade":25.1551},{"horario":"2023-08-26 23:54:30","evento":"medida","v2":0.0788,"v3":0.3894,"intensidade":6.5993},{"horario":"2023-08-26 23:59:15","evento":"medida","v4":0.7538,"intensidade":9.8448},{"horario":"2023-08-27 00:08:41","evento":"medida","v1":0.75,"v2":0.6611,"v3":0.1465,"intensidade":18.8316},{"horario":"2023-08-27 00:17:58","evento":"medida","v3":0.5608,"v4":3.2598,"intensidade":26.5071},{"horario":"2023-08-27 00:18:44","evento":"medida","v2":0.4587,"intensidade":5.0073},{"horario":"2023-08-27 00:19:56","evento":"medida","v1":0.1074,"v2":0.2105,"intensidade":1.9425},{"horario":"2023-08-27 00:43:51","evento":"recalibragem","codigo":"GQaalbtFch"},{"horario":"2023-08-27 00:44:59","evento":"medida","v3":0.0881,"v4":1.0768,"intensidade":13.2406},{"horario":"2023-08-27 00:46:36","evento":"medida","v1":0.0677,"v2":0.3845,"v3":0.0409,"v4":0.1305,"intensidade":2.2656},{"horario":"2023-08-27 00:53:53","evento":"medida","v3":0.1579,"intensidade":6.2642},{"horario":"2023-08-27 01:05:23","evento":"medida","intensidade":2.3666},{"horario":"2023-08-27 01:09:16","evento":"medida","v4":1.0756,"intensidade":9.1157},{"horario":"2023-08-27 01:12:26","evento":"recalibragem","codigo":"F65O2TUaSv"},{"horario":"2023-08-27 01:16:11","evento":"medida","v4":0.2106,"intensidade":5.972},{"horario":"2023-08-27 01:24:25","evento":"medida","v1":0.6364,"v3":0.0678,"v4":0.8533,"intensidade":11.0811},{"horario":"2023-08-27 01:25:06","evento":"medida","v1":0.4437,"v2":0.0443,"intensidade":1.6867},{"horario":"2023-08-27 01:30:09","evento":"medida","v1":0.5426,"v4":0.7014,"intensidade":6.4955},{"horario":"2023-08-27 01:31:08","evento":"medida","v3":0.0271,"intensidade":12.5325},{"horario":"2023-08-27 01:31:29","evento":"medida","v1":0.2542,"v4":0.0503,"intensidade":2.0745},{"horario":"2023-08-27 01:35:37","evento":"medida","v1":0.7434,"v4":1.1338,"intensidade":10.2579},{"horario":"2023-08-27 01:37:24","evento":"medida","v1":0.1179,"v4":1.7633,"intensidade":14.6466},{"horario":"2023-08-27 01:49:26","evento":"medida","v1":0.2924,"v2":0.9411,"v3":0.0033,"intensidade":4.8643},{"horario":"2023-08-27 01:50:48","evento":"recalibragem","codigo":"sgIfu1CVtg"},{"horario":"2023-08-27 01:53:31","evento":"recalibragem","codigo":"8rb5Kppak0"},{"horario":"2023-08-27 02:14:48","evento":"medida","v2":0.1233,"v3":0.2823,"intensidade":15.8556},{"horario":"2023-08-27 02:29:03","evento":"medida","v1":0.166,"v4":0.1285,"intensidade":2.338},{"horario":"2023-08-27 02:29:43","evento":"medida","v1":0.003,"v2":1.3084,"v3":0.0343,"v4":2.4184,"intensidade":23.2754},{"horario":"2023-08-27 02:31:06","evento":"medida","v1":0.2585,"v2":0.8077,"v4":0.1311,"intensidade":3.7302},{"horario":"2023-08-27 02:32:41","evento":"medida","v2":0.0261,"v4":0.1895,"intensidade":1.9342},{"horario":"2023-08-27 02:33:48","evento":"medida","v1":0.2601,"v3":0.102,"v4":0.1354,"intensidade":1.435},{"horario":"2023-08-27 02:35:44","evento":"medida","intensidade":8.8581},{"horario":"2023-08-27 02:36:34","evento":"medida","v1":0.0951,"v2":0.839,"intensidade":3.1228},{"horario":"2023-08-27 02:38:01","evento":"medida","v3":0.216,"intensidade":10.145},{"horario":"2023-08-27 02:38:54","evento":"medida","v1":0.1971,"v2":0.3751,"v3":0.0538,"v4":2.046,"intensidade":17.6902},{"horario":"2023-08-27 02:44:16","evento":"medida","v1":0.0329,"intensidade":6.5617},{"horario":"2023-08-27 02:49:34","evento":"medida","v4":0.1381,"intensidade":1.764},{"horario":"2023-08-27 02:51:47","evento":"medida","v1":0.0602,"v2":1.2925,"v3":0.029,"intensidade":24.7031},{"horario":"2023-08-27 02:52:07","evento":"medida","v2":1.46,"v4":0.232,"intensidade":6.3964},{"horario":"2023-08-27 02:53:29","evento":"medida","v1":0.1605,"v2":0.1464,"v3":0.5001,"v4":0.7253,"intensidade":6.4019},{"horario":"2023-08-27 02:54:32","evento":"medida","v1":0.5494,"intensidade":8.1446},{"horario":"2023-08-27 03:05:06","evento":"medida","v1":0.2114,"v2":0.4493,"v3":0.2561,"v4":0.9077,"intensidade":8.8207},{"horario":"2023-08-27 03:08:14","evento":"medida","v2":0.0903,"v3":0.0049,"v4":0.2641,"intensidade":2.6808},{"horario":"2023-08-27 03:10:39","evento":"medida","v3":0.0681,"v4":0.1169,"intensidade":1.5226},{"horario":"2023-08-27 03:11:12","evento":"medida","v3":0.2377,"intensidade":0.9529},{"horario":"2023-08-27 03:13:43","evento":"medida","v1":0.2625,"v3":0.0669,"v4":0.7976,"intensidade":7.4244},{"horario":"2023-08-27 03:17:18","evento":"medida","v2":0.3215,"v3":0.0607,"intensidade":21.4433},{"horario":"2023-08-27 03:24:19","evento":"medida","v1":0.3728,"v4":2.6385,"intensidade":23.1634},{"horario":"2023-08-27 03:28:13","evento":"medida","v1":0.0332,"v2":0.265,"v3":0.2704,"intensidade":3.4882},{"horario":"2023-08-27 03:31:57","evento":"medida","v2":0.0517,"v4":0.3747,"intensidade":3.2704},{"horario":"2023-08-27 03:35:24","evento":"medida","v3":0.5957,"intensidade":4.3746},{"horario":"2023-08-27 03:37:21","evento":"medida","v1":0.0019,"v2":0.9728,"intensidade":5.0137},{"horario":"2023-08-27 03:38:23","evento":"medida","v4":0.3509,"intensidade":5.9857},{"horario":"2023-08-27 03:47:53","evento":"medida","intensidade":6.5344},{"horario":"2023-08-27 04:02:27","evento":"medida","v1":0.2173,"v4":0.7581,"intensidade":8.2111},{"horario":"2023-08-27 04:16:56","evento":"recalibragem","codigo":"8TqlNYOI1C"},{"horario":"2023-08-27 04:20:52","evento":"medida","v1":0.0904,"v3":0.1994,"intensidade":5.1203},{"horario":"2023-08-27 04:27:02","evento":"medida","v2":0.0863,"v3":0.2054,"intensidade":5.1347},{"horario":"2023-08-27 04:38:19","evento":"recalibragem","codigo":"KFdB1K2q0N"},{"horario":"2023-08-27 04:41:37","evento":"recalibragem","codigo":"ocvNHw54rI"},{"horario":"2023-08-27 04:54:38","evento":"medida","v1":0.4838,"v4":1.6751,"intensidade":13.9317},{"horario":"2023-08-27 04:57:50","evento":"medida","v2":0.4996,"v4":0.1875,"intensidade":3.6919},{"horario":"2023-08-27 05:13:10","evento":"medida","v1":0.5325,"v3":0.6597,"intensidade":25.7542},{"horario":"2023-08-27 05:13:18","evento":"medida","intensidade":9.9921},{"horario":"2023-08-27 05:16:36","evento":"medida","v3":0.1119,"v4":1.7004,"intensidade":17.0436},{"horario":"2023-08-27 05:18:14","evento":"medida","v1":0.5071,"v2":0.088,"intensidade":0.8242},{"horario":"2023-08-27 05:19:21","evento":"medida","v1":0.0043,"intensidade":7.6827},{"horario":"2023-08-27 05:31:44","evento":"medida","v2":0.4176,"v3":0.1453,"v4":1.8216,"intensidade":16.839},{"horario":"2023-08-27 05:36:39","evento":"medida","v1":0.1526,"v2":1.1327,"intensidade":28.8064},{"horario":"2023-08-27 05:39:02","evento":"medida","v1":0.9353,"v3":0.3889,"intensidade":10.5838},{"horario":"2023-08-27 05:40:16","evento":"medida","intensidade":29.1446},{"horario":"2023-08-27 05:43:42","evento":"medida","v3":0.307,"v4":1.4974,"intensidade":12.6223},{"horario":"2023-08-27 05:45:38","evento":"medida","intensidade":9.0449},{"horario":"2023-08-27 06:06:26","evento":"medida","v1":0.1068,"intensidade":10.8844},{"horario":"2023-08-27 06:09:35","evento":"medida","v4":0.7398,"intensidade":7.5215},{"horario":"2023-08-27 06:20:03","evento":"medida","v1":0.1014,"v2":0.1307,"v3":0.1691,"intensidade":5.6769},{"horario":"2023-08-27 06:22:49","evento":"medida","v1":0.0373,"v3":0.196,"intensidade":6.1126},{"horario":"2023-08-27 06:26:46","evento":"medida","v2":0.8903,"intensidade":8.073},{"horario":"2023-08-27 06:28:50","evento":"medida","v3":0.0165,"v4":0.4876,"intensidade":4.3234},{"horario":"2023-08-27 06:32:52","evento":"medida","v1":0.2356,"intensidade":12.3173},{"horario":"2023-08-27 06:40:39","evento":"recalibragem","codigo":"j5e6QQx2w1"},{"horario":"2023-08-27 06:42:12","evento":"medida","v1":0.2248,"v3":0.2875,"intensidade":27.864},{"horario":"2023-08-27 06:43:06","evento":"medida","v4":0.8271,"intensidade":7.6451},{"horario":"2023-08-27 06:44:00","evento":"recalibragem","codigo":"Iutvjnn7ZP"},{"horario":"2023-08-27 06:53:39","evento":"medida","v1":0.2523,"intensidade":10.2757},{"horario":"2023-08-27 06:59:33","evento":"medida","v3":0.1856,"v4":1.2597,"intensidade":10.8464},{"horario":"2023-08-27 07:06:37","evento":"medida","v3":0.2995,"intensidade":6.4326},{"horario":"2023-08-27 07:11:30","evento":"medida","v2":0.3675,"v3":0.299,"intensidade":2.5357},{"horario":"2023-08-27 07:15:24","evento":"medida","v1":0.0336,"v4":0.3658,"intensidade":3.7543},{"horario":"2023-08-27 07:15:53","evento":"recalibragem","codigo":"aLBlvoG5M2"},{"horario":"2023-08-27 07:31:59","evento":"recalibragem","codigo":"32ZI9nLRXN"},{"horario":"2023-08-27 07:34:39","evento":"medida","v1":0.002,"v4":0.1837,"intensidade":8.8548},{"horario":"2023-08-27 07:38:33","evento":"medida","v2":0.0216,"v3":0.0013,"v4":1.9171,"intensidade":15.5732},{"horario":"2023-08-27 08:17:24","evento":"medida","intensidade":7.8394},{"horario":"2023-08-27 08:23:18","evento":"medida","v2":2.3691,"intensidade":18.8244},{"horario":"2023-08-27 08:29:24","evento":"medida","v2":0.333,"intensidade":15.3763},{"horario":"2023-08-27 08:35:56","evento":"medida","v2":0.5568,"v3":0.0279,"v4":0.9083,"intensidade":9.0139},{"horario":"2023-08-27 08:50:37","evento":"medida","v1":0.7637,"v3":0.1267,"v4":0.5089,"intensidade":5.3032},{"horario":"2023-08-27 08:56:06","evento":"medida","v1":0.2459,"v2":0.3663,"v3":0.0644,"intensidade":14.7619},{"horario":"2023-08-27 09:02:28","evento":"medida","v1":0.1788,"v2":0.7355,"v3":0.1018,"intensidade":22.627},{"horario":"2023-08-27 09:04:27","evento":"medida","v2":0.08,"v4":3.7909,"intensidade":31.3907},{"horario":"2023-08-27 09:14:27","evento":"medida","v2":0.1829,"v4":1.0596,"intensidade":9.3429},{"horario":"2023-08-27 09:23:10","evento":"medida","intensidade":5.0689},{"horario":"2023-08-27 09:28:40","evento":"recalibragem","codigo":"JzOOqs9egH"},{"horario":"2023-08-27 09:31:26","evento":"medida","v3":0.0303,"v4":0.1404,"intensidade":3.2246},{"horario":"2023-08-27 09:32:19","evento":"medida","v1":1.3311,"v2":0.4985,"v3":0.0144,"intensidade":28.39},{"horario":"2023-08-27 09:41:28","evento":"medida","v3":0.1352,"intensidade":3.1816},{"horario":"2023-08-27 09:42:41","evento":"medida","v2":0.1889,"v4":1.0586,"intensidade":9.1965},{"horario":"2023-08-27 09:52:44","evento":"medida","v2":1.1009,"intensidade":8.0896},{"horario":"2023-08-27 09:56:40","evento":"medida","v3":0.0286,"intensidade":11.3214},{"horario":"2023-08-27 09:58:20","evento":"medida","v1":1.0037,"v2":0.0213,"v3":0.0494,"v4":0.2045,"intensidade":2.7037},{"horario":"2023-08-27 09:58:57","evento":"medida","v2":0.5273,"v3":0.2997,"v4":0.4968,"intensidade":5.5931},{"horario":"2023-08-27 10:16:36","evento":"medida","v2":0.1909,"intensidade":17.7113},{"horario":"2023-08-27 10:16:37","evento":"medida","v1":0.0139,"v2":0.2361,"v3":0.0006,"intensidade":9.8197},{"horario":"2023-08-27 10:18:05","evento":"medida","v1":0.7224,"v3":0.0344,"intensidade":22.5457},{"horario":"2023-08-27 10:19:28","evento":"medida","v3":0.0479,"v4":0.3734,"intensidade":3.2645},{"horario":"2023-08-27 10:24:38","evento":"medida","intensidade":24.3725},{"horario":"2023-08-27 10:24:58","evento":"recalibragem","codigo":"uDFst7j1aX"},{"horario":"2023-08-27 10:26:22","evento":"medida","v1":0.2169,"v3":0.0489,"v4":0.125,"intensidade":1.9315},{"horario":"2023-08-27 10:26:37","evento":"medida","v1":0.0651,"v4":0.2049,"intensidade":3.3808},{"horario":"2023-08-27 10:32:59","evento":"medida","v1":0.3241,"v2":0.0539,"v3":0.0447,"v4":0.8836,"intensidade":7.5549},{"horario":"2023-08-27 10:33:05","evento":"medida","v2":0.6776,"v3":0.373,"v4":0.7394,"intensidade":8.0998},{"horario":"2023-08-27 10:33:08","evento":"medida","v2":0.1655,"v3":0.0354,"v4":0.2398,"intensidade":2.795},{"horario":"2023-08-27 10:38:21","evento":"medida","v1":0.0127,"v2":0.2755,"v3":0.7216,"intensidade":15.2372},{"horario":"2023-08-27 10:41:35","evento":"medida","v1":0.1278,"v4":1.2435,"intensidade":12.4591},{"horario":"2023-08-27 10:41:56","evento":"medida","intensidade":21.4576},{"horario":"2023-08-27 11:09:13","evento":"medida","v1":0.2715,"v2":0.1643,"v4":3.189,"intensidade":26.276},{"horario":"2023-08-27 11:09:57","evento":"medida","v2":0.01,"v3":0.0607,"v4":0.8375,"intensidade":6.9193},{"horario":"2023-08-27 11:19:06","evento":"medida","v2":0.7361,"v3":0.1838,"intensidade":2.7585},{"horario":"2023-08-27 11:19:36","evento":"medida","v1":0.1889,"v4":1.318,"intensidade":12.262},{"horario":"2023-08-27 11:26:17","evento":"medida","v1":0.0062,"v4":0.2355,"intensidade":2.6604},{"horario":"2023-08-27 11:33:15","evento":"medida","v1":0.6986,"v3":0.3048,"v4":0.9586,"intensidade":9.1989},{"horario":"2023-08-27 11:40:34","evento":"medida","v3":0.8007,"intensidade":13.1178},{"horario":"2023-08-27 11:49:56","evento":"medida","v1":0.0734,"v4":1.655,"intensidade":15.6575},{"horario":"2023-08-27 11:57:18","evento":"medida","v1":0.1662,"v2":0.3893,"v4":1.5112,"intensidade":13.4233},{"horario":"2023-08-27 12:07:46","evento":"medida","v2":1.0067,"v4":0.2443,"intensidade":4.9856},{"horario":"2023-08-27 12:08:11","evento":"medida","v1":0.5701,"v2":0.5113,"v3":0.4937,"v4":0.4375,"intensidade":5.6038},{"horario":"2023-08-27 12:13:57","evento":"medida","v2":0.3702,"v4":0.0243,"intensidade":1.6425},{"horario":"2023-08-27 12:15:26","evento":"medida","v2":0.1626,"v3":0.0987,"intensidade":1.4727},{"horario":"2023-08-27 12:15:36","evento":"medida","v1":0.112,"v3":0.1522,"v4":0.5689,"intensidade":6.672},{"horario":"2023-08-27 12:30:10","evento":"medida","v2":1.1951,"v3":0.1757,"v4":1.3192,"intensidade":14.4701},{"horario":"2023-08-27 12:37:35","evento":"medida","v1":0.2176,"intensidade":5.9267},{"horario":"2023-08-27 12:47:52","evento":"medida","intensidade":17.1392},{"horario":"2023-08-27 12:48:54","evento":"medida","v4":1.173,"intensidade":10.3009},{"horario":"2023-08-27 13:09:37","evento":"medida","v1":0.6966,"v3":0.0646,"intensidade":7.4687},{"horario":"2023-08-27 13:11:36","evento":"medida","intensidade":8.4114},{"horario":"2023-08-27 13:23:02","evento":"recalibragem","codigo":"GsivqaJS64"},{"horario":"2023-08-27 13:23:13","evento":"medida","v3":0.0781,"v4":0.3083,"intensidade":7.5268},{"horario":"2023-08-27 13:29:04","evento":"medida","v1":0.0458,"v4":0.5679,"intensidade":7.6635},{"horario":"2023-08-27 13:29:35","evento":"medida","v1":0.4632,"v4":0.7988,"intensidade":7.3831},{"horario":"2023-08-27 13:35:18","evento":"medida","v2":0.1704,"intensidade":19.4365},{"horario":"2023-08-27 13:46:48","evento":"medida","intensidade":2.4363},{"horario":"2023-08-27 13:49:39","evento":"medida","v1":0.4237,"v2":0.2793,"v3":0.0408,"intensidade":7.222},{"horario":"2023-08-27 13:50:01","evento":"medida","v1":0.2514,"v2":0.0204,"intensidade":1.7565},{"horario":"2023-08-27 13:59:03","evento":"medida","v1":0.1337,"v2":0.9984,"v4":0.2081,"intensidade":4.7938},{"horario":"2023-08-27 14:17:57","evento":"medida","v3":0.0126,"intensidade":3.2837},{"horario":"2023-08-27 14:21:31","evento":"medida","v1":0.3699,"v3":0.2174,"intensidade":10.4736},{"horario":"2023-08-27 14:25:28","evento":"medida","v1":0.0953,"v2":0.8098,"v4":0.5598,"intensidade":7.0031},{"horario":"2023-08-27 14:28:17","evento":"medida","v2":0.2032,"v4":1.8807,"intensidade":16.1552},{"horario":"2023-08-27 14:30:57","evento":"medida","v4":0.7429,"intensidade":8.1287},{"horario":"2023-08-27 14:37:42","evento":"medida","v2":0.315,"v3":0.1298,"intensidade":1.0358},{"horario":"2023-08-27 14:40:14","evento":"medida","v1":0.0889,"v2":0.1595,"v3":0.0173,"v4":0.3687,"intensidade":3.5171},{"horario":"2023-08-27 14:40:22","evento":"recalibragem","codigo":"hfENaOT7iq"},{"horario":"2023-08-27 14:49:39","evento":"medida","v1":0.2345,"v2":1.2925,"v4":0.6198,"intensidade":9.0701},{"horario":"2023-08-27 14:50:11","evento":"medida","v3":0.1388,"intensidade":37.0949},{"horario":"2023-08-27 14:54:03","evento":"medida","v1":0.0237,"v2":0.7536,"v3":0.043,"intensidade":14.1243},{"horario":"2023-08-27 14:59:45","evento":"medida","v1":0.8435,"v4":0.4513,"intensidade":5.5575},{"horario":"2023-08-27 15:10:13","evento":"medida","v1":0.0604,"v3":0.3614,"v4":0.3358,"intensidade":4.3016},{"horario":"2023-08-27 15:17:04","evento":"medida","v1":0.5915,"v2":0.3028,"v3":0.3226,"v4":0.8689,"intensidade":8.4511},{"horario":"2023-08-27 15:19:46","evento":"medida","v1":1.0536,"v3":0.0194,"v4":0.015,"intensidade":1.7216},{"horario":"2023-08-27 15:19:58","evento":"medida","v1":0.146,"v2":0.0347,"v4":3.1797,"intensidade":25.688},{"horario":"2023-08-27 15:20:12","evento":"medida","v2":0.6078,"intensidade":7.5538},{"horario":"2023-08-27 15:24:37","evento":"medida","v2":2.985,"v3":0.2154,"intensidade":21.0424},{"horario":"2023-08-27 15:28:09","evento":"medida","v1":0.0916,"v2":0.0908,"v3":0.0235,"intensidade":16.3028},{"horario":"2023-08-27 15:31:52","evento":"medida","v1":0.0324,"v2":0.7648,"v3":0.1865,"intensidade":4.1666},{"horario":"2023-08-27 15:44:57","evento":"medida","v1":0.0317,"v2":0.2619,"intensidade":3.4597},{"horario":"2023-08-27 15:53:51","evento":"medida","v1":0.4804,"v3":0.0194,"v4":0.2289,"intensidade":4.0274},{"horario":"2023-08-27 15:54:14","evento":"medida","v2":0.4378,"v4":1.2065,"intensidade":11.2935},{"horario":"2023-08-27 15:54:25","evento":"medida","v1":0.0122,"v2":0.8842,"v3":0.1524,"intensidade":4.1796},{"horario":"2023-08-27 15:54:28","evento":"recalibragem","codigo":"Mt6jCRy2v6"},{"horario":"2023-08-27 15:56:48","evento":"medida","v1":0.4189,"intensidade":6.1408},{"horario":"2023-08-27 16:00:19","evento":"medida","v2":0.4377,"v4":1.9245,"intensidade":17.0027},{"horario":"2023-08-27 16:00:56","evento":"medida","v3":0.0388,"intensidade":33.3014},{"horario":"2023-08-27 16:01:21","evento":"medida","v1":0.0044,"v2":1.5951,"intensidade":16.7965},{"horario":"2023-08-27 16:01:37","evento":"medida","intensidade":2.4504},{"horario":"2023-08-27 16:04:39","evento":"medida","intensidade":6.8405},{"horario":"2023-08-27 16:07:27","evento":"medida","v2":0.0723,"v3":0.0817,"intensidade":1.7127},{"horario":"2023-08-27 16:09:59","evento":"medida","v4":0.7827,"intensidade":9.5297},{"horario":"2023-08-27 16:27:31","evento":"medida","v1":0.0062,"intensidade":1.2309},{"horario":"2023-08-27 16:34:57","evento":"medida","v2":0.0272,"v3":0.0397,"intensidade":3.673},{"horario":"2023-08-27 16:46:22","evento":"medida","v2":0.1682,"v4":2.1504,"intensidade":17.7277},{"horario":"2023-08-27 16:55:10","evento":"medida","v1":0.1302,"v2":0.7856,"v3":0.1742,"v4":0.0038,"intensidade":2.5175},{"horario":"2023-08-27 16:57:03","evento":"medida","v1":0.2676,"v2":0.1561,"v3":0.0259,"v4":2.479,"intensidade":20.5682},{"horario":"2023-08-27 16:59:10","evento":"recalibragem","codigo":"dkrmUJZB4C"},{"horario":"2023-08-27 17:19:17","evento":"medida","intensidade":23.7161},{"horario":"2023-08-27 17:24:43","evento":"medida","v1":0.0502,"v3":0.1223,"intensidade":5.8799},{"horario":"2023-08-27 17:27:41","evento":"medida","v2":0.5907,"intensidade":2.2121},{"horario":"2023-08-27 17:32:57","evento":"medida","v3":0.322,"v4":1.7824,"intensidade":15.4991},{"horario":"2023-08-27 17:33:29","evento":"medida","v1":0.1311,"v2":0.5512,"v3":0.6057,"intensidade":11.1824},{"horario":"2023-08-27 17:36:20","evento":"medida","v1":0.173,"v3":0.14,"v4":0.9337,"intensidade":9.1959},{"horario":"2023-08-27 17:38:11","evento":"medida","v1":0.2144,"v2":0.6424,"v3":0.3291,"intensidade":11.1709},{"horario":"2023-08-27 17:42:11","evento":"medida","v2":0.161,"v4":0.5243,"intensidade":4.704},{"horario":"2023-08-27 17:44:23","evento":"medida","v4":0.511,"intensidade":13.5719},{"horario":"2023-08-27 18:08:02","evento":"medida","v3":0.0016,"intensidade":23.3591},{"horario":"2023-08-27 18:09:00","evento":"medida","v1":0.1178,"v4":1.183,"intensidade":10.2631},{"horario":"2023-08-27 18:23:38","evento":"medida","v1":0.1324,"v2":0.0236,"intensidade":21.3234},{"horario":"2023-08-27 18:31:38","evento":"medida","v3":0.0908,"intensidade":4.5004},{"horario":"2023-08-27 18:37:55","evento":"medida","v2":0.4524,"v3":0.2364,"intensidade":18.0682},{"horario":"2023-08-27 18:45:14","evento":"medida","v2":0.2154,"v3":0.47,"intensidade":1.8001},{"horario":"2023-08-27 18:46:35","evento":"medida","v3":0.5266,"intensidade":5.4121},{"horario":"2023-08-27 18:48:13","evento":"medida","v1":0.8844,"v3":0.0867,"v4":2.0956,"intensidade":18.8807},{"horario":"2023-08-27 18:57:31","evento":"medida","v1":0.2445,"v2":0.4665,"v3":0.0104,"intensidade":15.2129},{"horario":"2023-08-27 19:04:23","evento":"medida","v2":0.5521,"v4":0.0168,"intensidade":2.5472},{"horario":"2023-08-27 19:05:09","evento":"medida","v3":0.1573,"intensidade":7.1555},{"horario":"2023-08-27 19:09:11","evento":"medida","v2":0.7286,"intensidade":6.7255},{"horario":"2023-08-27 19:09:54","evento":"medida","v1":0.4834,"v2":0.2441,"v3":0.0185,"intensidade":8.9757},{"horario":"2023-08-27 19:11:25","evento":"medida","v3":0.0813,"v4":0.8998,"intensidade":8.436},{"horario":"2023-08-27 19:18:35","evento":"medida","v1":0.2909,"v2":0.121,"intensidade":20.6537},{"horario":"2023-08-27 19:18:40","evento":"medida","v2":0.0203,"intensidade":13.2895},{"horario":"2023-08-27 19:21:31","evento":"medida","intensidade":7.8693},{"horario":"2023-08-27 19:23:19","evento":"medida","v2":0.1276,"intensidade":4.0737},{"horario":"2023-08-27 19:31:04","evento":"medida","intensidade":17.0493},{"horario":"2023-08-27 19:34:55","evento":"recalibragem","codigo":"dE36f9Z5jE"},{"horario":"2023-08-27 19:36:13","evento":"medida","v1":0.1127,"v2":0.0863,"intensidade":1.3928},{"horario":"2023-08-27 19:46:51","evento":"medida","v1":0.0158,"v4":0.1685,"intensidade":3.0007},{"horario":"2023-08-27 19:50:57","evento":"medida","v1":0.1834,"v2":0.9135,"v4":0.0966,"intensidade":3.6965},{"horario":"2023-08-27 19:55:53","evento":"medida","v1":0.4033,"v3":0.0856,"v4":0.0931,"intensidade":1.7781},{"horario":"2023-08-27 20:23:46","evento":"medida","v2":0.1525,"intensidade":0.7019},{"horario":"2023-08-27 20:30:51","evento":"medida","v4":3.4663,"intensidade":31.6382},{"horario":"2023-08-27 20:31:44","evento":"recalibragem","codigo":"Clgk69DFU5"},{"horario":"2023-08-27 20:33:13","evento":"medida","v1":0.0082,"v2":0.2334,"v3":0.2444,"v4":1.862,"intensidade":15.6047},{"horario":"2023-08-27 20:37:02","evento":"recalibragem","codigo":"bENC0lQgpt"},{"horario":"2023-08-27 20:37:28","evento":"medida","v1":0.075,"v2":0.0355,"intensidade":5.6296},{"horario":"2023-08-27 20:48:59","evento":"medida","v2":0.4157,"v4":0.6947,"intensidade":6.8502},{"horario":"2023-08-27 20:56:21","evento":"medida","v1":0.0132,"v2":1.6473,"intensidade":8.2107},{"horario":"2023-08-27 20:58:33","evento":"medida","v1":0.1017,"v2":0.037,"v4":0.8913,"intensidade":7.3432},{"horario":"2023-08-27 21:18:14","evento":"medida","v1":0.0351,"v2":0.3539,"v4":1.9886,"intensidade":17.0056},{"horario":"2023-08-27 21:35:20","evento":"medida","v3":0.0463,"intensidade":16.6226},{"horario":"2023-08-27 21:42:15","evento":"medida","v1":0.0948,"v2":0.1511,"v3":0.0864,"v4":1.0504,"intensidade":8.9514},{"horario":"2023-08-27 21:45:29","evento":"medida","v2":0.8558,"v3":0.0978,"intensidade":13.7756},{"horario":"2023-08-27 21:46:26","evento":"medida","v1":0.8285,"v4":0.5034,"intensidade":12.9124},{"horario":"2023-08-27 21:48:51","evento":"medida","v2":0.0313,"v3":0.2181,"v4":0.4683,"intensidade":4.3825},{"horario":"2023-08-27 21:54:20","evento":"medida","intensidade":15.5133},{"horario":"2023-08-27 21:55:26","evento":"medida","v1":0.0467,"v2":0.389,"intensidade":7.4748},{"horario":"2023-08-27 22:09:33","evento":"medida","v1":0.5014,"v4":0.4933,"intensidade":8.0363},{"horario":"2023-08-27 22:23:30","evento":"medida","v4":0.1685,"intensidade":1.7188},{"horario":"2023-08-27 22:23:45","evento":"medida","intensidade":13.4339},{"horario":"2023-08-27 22:25:09","evento":"recalibragem","codigo":"nXVLvC9mew"},{"horario":"2023-08-27 22:29:11","evento":"medida","intensidade":3.3104},{"horario":"2023-08-27 22:38:29","evento":"medida","v1":0.4604,"v2":0.0262,"v4":0.6413,"intensidade":5.6699},{"horario":"2023-08-27 22:41:43","evento":"medida","v1":0.1056,"v3":0.4529,"intensidade":9.3619},{"horario":"2023-08-27 22:43:34","evento":"medida","v3":0.3394,"intensidade":0.3625},{"horario":"2023-08-27 22:44:49","evento":"medida","v1":0.1263,"v3":0.2102,"v4":0.2767,"intensidade":3.8083},{"horario":"2023-08-27 22:46:05","evento":"medida","v1":0.1592,"v4":2.9223,"intensidade":25.6423},{"horario":"2023-08-27 23:07:34","evento":"medida","v2":0.8795,"v3":0.1916,"intensidade":14.298},{"horario":"2023-08-27 23:08:39","evento":"medida","v2":0.575,"v4":0.9043,"intensidade":8.9727},{"horario":"2023-08-27 23:11:06","evento":"medida","v2":0.0625,"v4":1.1288,"intensidade":9.3431},{"horario":"2023-08-27 23:21:46","evento":"medida","v1":0.0927,"intensidade":16.0595},{"horario":"2023-08-27 23:25:51","evento":"medida","intensidade":3.161},{"horario":"2023-08-27 23:37:03","evento":"recalibragem","codigo":"imxMY5eSYU"},{"horario":"2023-08-27 23:41:47","evento":"medida","v3":0.0229,"v4":0.3805,"intensidade":3.5965},{"horario":"2023-08-27 23:49:24","evento":"medida","v2":0.1241,"intensidade":11.9498},{"horario":"2023-08-27 23:56:17","evento":"medida","v3":0.2508,"v4":1.4732,"intensidade":13.948},{"horario":"2023-08-27 23:58:41","evento":"medida","v2":0.1981,"intensidade":13.2567},{"horario":"2023-08-28 00:06:10","evento":"medida","v2":1.3496,"v4":0.2428,"intensidade":7.0219},{"horario":"2023-08-28 00:10:27","evento":"medida","v1":0.1392,"intensidade":3.0034},{"horario":"2023-08-28 00:19:32","evento":"medida","v3":0.0186,"v4":0.0063,"intensidade":3.5639},{"horario":"2023-08-28 00:27:28","evento":"medida","v1":0.2672,"v4":0.0833,"intensidade":2.6195},{"horario":"2023-08-28 00:28:35","evento":"medida","v1":0.2211,"v2":0.1679,"v3":0.1984,"intensidade":9.2849},{"horario":"2023-08-28 00:35:09","evento":"medida","v1":0.458,"v2":0.1561,"v3":0.1936,"v4":0.6367,"intensidade":6.0197},{"horario":"2023-08-28 00:41:56","evento":"medida","v2":0.8458,"intensidade":3.4249},{"horario":"2023-08-28 00:45:42","evento":"medida","intensidade":3.6719},{"horario":"2023-08-28 00:50:36","evento":"medida","v1":0.1038,"v2":0.2436,"v3":0.0031,"intensidade":8.0841},{"horario":"2023-08-28 00:51:32","evento":"recalibragem","codigo":"su2VIm4q29"},{"horario":"2023-08-28 00:53:57","evento":"medida","v1":0.1359,"v2":0.1758,"v4":4.7307,"intensidade":38.509},{"horario":"2023-08-28 00:57:25","evento":"medida","v2":0.0662,"v3":0.1841,"v4":0.3815,"intensidade":3.6145},{"horario":"2023-08-28 00:57:45","evento":"medida","v1":0.3114,"v2":0.0247,"v3":0.0975,"v4":0.7622,"intensidade":6.483},{"horario":"2023-08-28 01:00:31","evento":"medida","v2":0.312,"v4":0.3041,"intensidade":3.6075},{"horario":"2023-08-28 01:00:59","evento":"medida","v1":0.0864,"v3":0.1004,"intensidade":8.4102},{"horario":"2023-08-28 01:03:26","evento":"medida","v1":0.5542,"v2":0.4728,"v3":0.0032,"v4":0.7131,"intensidade":7.6773},{"horario":"2023-08-28 01:07:06","evento":"medida","v1":0.5443,"v2":0.2308,"intensidade":1.4076},{"horario":"2023-08-28 01:14:14","evento":"medida","v1":0.3558,"v2":0.2772,"v3":0.3742,"v4":1.4097,"intensidade":12.4648},{"horario":"2023-08-28 01:18:41","evento":"medida","intensidade":6.0601},{"horario":"2023-08-28 01:19:27","evento":"medida","v1":0.09,"v2":0.0754,"v4":0.5294,"intensidade":4.5515},{"horario":"2023-08-28 01:21:33","evento":"medida","v1":0.669,"v4":1.4218,"intensidade":13.2923},{"horario":"2023-08-28 01:23:00","evento":"medida","v3":0.2331,"intensidade":36.6388},{"horario":"2023-08-28 01:30:41","evento":"medida","intensidade":11.9599},{"horario":"2023-08-28 01:40:21","evento":"medida","v2":0.589,"v3":0.1218,"v4":0.2519,"intensidade":3.9667},{"horario":"2023-08-28 01:43:21","evento":"recalibragem","codigo":"KO12tVjxiu"},{"horario":"2023-08-28 01:48:22","evento":"medida","v2":0.2845,"v3":0.0534,"intensidade":9.0828},{"horario":"2023-08-28 01:49:35","evento":"medida","v1":0.583,"v3":0.0777,"intensidade":2.2607},{"horario":"2023-08-28 01:52:57","evento":"medida","v1":0.1517,"v2":1.7493,"v3":0.0215,"v4":0.5603,"intensidade":9.8819},{"horario":"2023-08-28 01:57:50","evento":"medida","v3":0.1188,"intensidade":3.927},{"horario":"2023-08-28 02:05:00","evento":"medida","v2":0.0569,"intensidade":13.8011},{"horario":"2023-08-28 02:12:24","evento":"medida","v1":0.1735,"v4":0.23,"intensidade":4.6138},{"horario":"2023-08-28 02:20:43","evento":"medida","v3":0.0325,"v4":0.3168,"intensidade":4.0922},{"horario":"2023-08-28 02:28:39","evento":"medida","v1":0.1171,"v3":0.0999,"v4":4.9436,"intensidade":41.1903},{"horario":"2023-08-28 02:32:09","evento":"medida","v2":1.8004,"v3":0.1163,"intensidade":27.3698},{"horario":"2023-08-28 02:50:05","evento":"medida","v1":0.2384,"v3":0.0181,"v4":0.4689,"intensidade":4.1592},{"horario":"2023-08-28 02:52:17","evento":"medida","v2":1.8221,"v4":0.6576,"intensidade":11.014},{"horario":"2023-08-28 02:54:11","evento":"medida","v4":0.0496,"intensidade":3.8348},{"horario":"2023-08-28 03:01:51","evento":"medida","v1":0.2446,"v2":0.0969,"v3":0.1421,"v4":4.6496,"intensidade":37.7316},{"horario":"2023-08-28 03:05:53","evento":"medida","v1":0.8287,"v3":0.0197,"intensidade":4.8228},{"horario":"2023-08-28 03:14:45","evento":"medida","v1":0.286,"intensidade":14.1625},{"horario":"2023-08-28 03:18:52","evento":"medida","intensidade":12.1764},{"horario":"2023-08-28 03:21:59","evento":"medida","v1":0.0217,"v2":0.2392,"v3":0.0843,"v4":0.4546,"intensidade":4.3759},{"horario":"2023-08-28 03:23:26","evento":"medida","v1":0.0152,"v2":0.1494,"v3":0.1224,"v4":2.011,"intensidade":16.5517},{"horario":"2023-08-28 03:24:36","evento":"medida","v1":0.1626,"v3":0.102,"v4":1.6665,"intensidade":14.3113},{"horario":"2023-08-28 03:24:38","evento":"medida","v2":0.122,"v3":0.186,"v4":1.1081,"intensidade":9.7739},{"horario":"2023-08-28 03:28:00","evento":"medida","v1":1.0531,"v3":0.0296,"intensidade":3.7195},{"horario":"2023-08-28 03:28:53","evento":"recalibragem","codigo":"C8X0L0DlRh"},{"horario":"2023-08-28 03:32:27","evento":"medida","v3":0.392,"intensidade":9.9361},{"horario":"2023-08-28 03:35:04","evento":"medida","v2":0.6039,"v3":0.0074,"intensidade":7.2167},{"horario":"2023-08-28 03:36:49","evento":"medida","v1":0.5226,"v2":0.0931,"intensidade":1.1383},{"horario":"2023-08-28 03:37:02","evento":"recalibragem","codigo":"PTIWKJ1aHf"},{"horario":"2023-08-28 03:37:26","evento":"medida","v1":0.2425,"v2":0.8609,"intensidade":12.6035},{"horario":"2023-08-28 03:37:41","evento":"medida","intensidade":3.923},{"horario":"2023-08-28 03:38:43","evento":"medida","v1":0.5446,"v2":0.1791,"v3":0.1827,"v4":0.1106,"intensidade":1.9666},{"horario":"2023-08-28 03:39:52","evento":"medida","v4":2.3879,"intensidade":22.5234},{"horario":"2023-08-28 03:43:21","evento":"medida","v3":0.205,"v4":0.4699,"intensidade":8.4687},{"horario":"2023-08-28 03:43:36","evento":"medida","v4":0.8636,"intensidade":9.9023},{"horario":"2023-08-28 03:50:30","evento":"medida","v1":0.0158,"v2":0.5913,"intensidade":3.1771},{"horario":"2023-08-28 03:51:55","evento":"medida","v1":0.2304,"v4":1.8606,"intensidade":16.1955},{"horario":"2023-08-28 04:04:22","evento":"medida","v1":0.8073,"v3":0.3376,"v4":2.8171,"intensidade":24.5195},{"horario":"2023-08-28 04:09:26","evento":"medida","v1":0.1211,"v4":0.0185,"intensidade":1.2931},{"horario":"2023-08-28 04:16:07","evento":"medida","v1":0.1547,"v2":0.0362,"v3":0.1077,"intensidade":18.7137},{"horario":"2023-08-28 04:23:36","evento":"recalibragem","codigo":"xqP5CqwA4i"},{"horario":"2023-08-28 04:25:28","evento":"medida","v1":0.0408,"intensidade":16.3129},{"horario":"2023-08-28 04:39:38","evento":"medida","v1":0.2344,"v2":0.1362,"intensidade":1.3547},{"horario":"2023-08-28 04:42:56","evento":"medida","v4":1.1541,"intensidade":9.8209},{"horario":"2023-08-28 04:49:19","evento":"medida","v2":0.2237,"v3":0.0519,"v4":0.9794,"intensidade":8.6011},{"horario":"2023-08-28 04:52:31","evento":"medida","v4":2.2889,"intensidade":18.5614},{"horario":"2023-08-28 04:56:49","evento":"medida","v1":0.5194,"v2":0.2117,"intensidade":5.0086},{"horario":"2023-08-28 04:57:07","evento":"medida","v1":0.0394,"v2":0.6867,"intensidade":11.4345},{"horario":"2023-08-28 04:57:11","evento":"medida","v1":0.1326,"v2":0.2105,"v3":0.1077,"intensidade":0.7905},{"horario":"2023-08-28 05:14:31","evento":"medida","v1":0.3847,"intensidade":8.9033},{"horario":"2023-08-28 05:17:55","evento":"medida","v1":0.1101,"v3":0.1377,"intensidade":4.1787},{"horario":"2023-08-28 05:21:49","evento":"medida","v1":0.0218,"v3":0.0582,"v4":0.8308,"intensidade":8.3886},{"horario":"2023-08-28 05:27:38","evento":"medida","v1":0.4196,"v2":0.0859,"intensidade":10.5076},{"horario":"2023-08-28 05:32:15","evento":"medida","v3":0.0595,"intensidade":9.7188},{"horario":"2023-08-28 05:48:20","evento":"medida","v1":0.4769,"v3":0.0302,"v4":0.8955,"intensidade":8.9808},{"horario":"2023-08-28 06:14:00","evento":"medida","v1":0.1335,"v2":0.071,"v4":0.9712,"intensidade":8.1157},{"horario":"2023-08-28 06:18:52","evento":"medida","v1":0.0957,"v2":0.0025,"v3":0.109,"v4":1.0025,"intensidade":8.123},{"horario":"2023-08-28 06:18:57","evento":"recalibragem","codigo":"FxsZrWvdbY"},{"horario":"2023-08-28 06:19:03","evento":"medida","v1":0.4398,"v2":0.1852,"v3":0.0219,"v4":0.5258,"intensidade":5.2023},{"horario":"2023-08-28 06:25:49","evento":"medida","v2":0.9298,"v3":0.1485,"intensidade":6.8106},{"horario":"2023-08-28 06:31:13","evento":"medida","v2":2.3857,"v4":0.2,"intensidade":9.0987},{"horario":"2023-08-28 06:37:55","evento":"medida","v2":0.6629,"v3":0.5865,"v4":2.4033,"intensidade":21.7442},{"horario":"2023-08-28 06:40:51","evento":"medida","v4":0.283,"intensidade":3.7859},{"horario":"2023-08-28 06:46:12","evento":"medida","v3":0.4749,"intensidade":10.5253},{"horario":"2023-08-28 06:48:23","evento":"medida","v1":0.129,"v3":0.0236,"intensidade":7.2743},{"horario":"2023-08-28 06:50:32","evento":"medida","v1":0.2366,"v3":0.0115,"intensidade":7.57},{"horario":"2023-08-28 07:00:43","evento":"medida","v2":0.4006,"v3":0.0979,"v4":0.9064,"intensidade":8.6904},{"horario":"2023-08-28 07:01:23","evento":"medida","v3":0.225,"v4":2.2689,"intensidade":20.3661},{"horario":"2023-08-28 07:08:43","evento":"medida","v2":0.8486,"v3":0.0852,"intensidade":6.1575},{"horario":"2023-08-28 07:13:44","evento":"medida","v1":0.1638,"v2":0.4591,"v3":0.1576,"intensidade":3.6068},{"horario":"2023-08-28 07:18:09","evento":"medida","v2":0.8201,"v4":0.0103,"intensidade":3.5322},{"horario":"2023-08-28 07:31:40","evento":"medida","v3":0.0333,"v4":2.2925,"intensidade":19.4666},{"horario":"2023-08-28 07:35:41","evento":"medida","v1":0.0135,"v4":0.058,"intensidade":1.3698},{"horario":"2023-08-28 07:53:07","evento":"medida","v2":0.9011,"v4":0.061,"intensidade":3.5305},{"horario":"2023-08-28 07:55:51","evento":"medida","v2":0.8655,"v4":0.064,"intensidade":3.5255},{"horario":"2023-08-28 08:09:32","evento":"medida","v2":0.0954,"v3":0.1808,"intensidade":7.2004},{"horario":"2023-08-28 08:15:38","evento":"medida","v1":0.0075,"v2":1.0013,"v3":0.2115,"intensidade":10.9297},{"horario":"2023-08-28 08:16:40","evento":"medida","intensidade":2.0502},{"horario":"2023-08-28 08:17:06","evento":"medida","v1":0.6721,"v3":0.0517,"intensidade":7.3707},{"horario":"2023-08-28 08:18:35","evento":"medida","v2":0.4223,"intensidade":2.9275},{"horario":"2023-08-28 08:19:24","evento":"medida","v1":0.0393,"v3":0.3552,"intensidade":9.8231},{"horario":"2023-08-28 08:25:27","evento":"medida","v1":0.0039,"v2":0.4574,"v4":3.5884,"intensidade":30.083},{"horario":"2023-08-28 08:27:18","evento":"recalibragem","codigo":"lcZDU8Ucu7"},{"horario":"2023-08-28 08:29:15","evento":"medida","v2":0.1293,"v3":0.3973,"intensidade":7.1977},{"horario":"2023-08-28 08:34:10","evento":"medida","v2":0.0993,"v3":0.0619,"intensidade":10.1189},{"horario":"2023-08-28 08:48:58","evento":"medida","v1":0.068,"v2":0.26,"v3":0.1235,"v4":2.6027,"intensidade":21.6697},{"horario":"2023-08-28 08:51:14","evento":"medida","v1":0.2808,"v3":0.1138,"intensidade":11.0071},{"horario":"2023-08-28 08:55:25","evento":"recalibragem","codigo":"wfgDYfAOcE"},{"horario":"2023-08-28 09:08:39","evento":"medida","v2":0.1717,"intensidade":0.7566},{"horario":"2023-08-28 09:13:02","evento":"medida","v1":0.1083,"v3":0.1648,"intensidade":6.6361},{"horario":"2023-08-28 09:21:44","evento":"medida","v4":0.5709,"intensidade":5.4184},{"horario":"2023-08-28 09:25:02","evento":"medida","v2":0.3467,"intensidade":9.6326},{"horario":"2023-08-28 09:28:46","evento":"medida","v2":0.2439,"v3":0.1878,"intensidade":4.2156},{"horario":"2023-08-28 09:39:32","evento":"medida","v1":0.0653,"v2":0.0549,"v4":0.8258,"intensidade":6.8366},{"horario":"2023-08-28 09:40:58","evento":"medida","v4":0.0401,"intensidade":1.7521},{"horario":"2023-08-28 09:46:30","evento":"medida","v3":0.013,"v4":0.2176,"intensidade":2.5114},{"horario":"2023-08-28 09:46:38","evento":"medida","v1":0.1062,"v2":0.1996,"v3":0.0974,"v4":0.8678,"intensidade":7.6476},{"horario":"2023-08-28 09:46:43","evento":"medida","v2":0.2163,"v3":0.023,"v4":0.8855,"intensidade":7.8525},{"horario":"2023-08-28 09:54:18","evento":"recalibragem","codigo":"9hUcLvtTmY"},{"horario":"2023-08-28 09:58:31","evento":"medida","v2":0.0636,"v4":2.9404,"intensidade":23.8575},{"horario":"2023-08-28 09:59:05","evento":"recalibragem","codigo":"i4pNSjzAlX"},{"horario":"2023-08-28 10:11:39","evento":"medida","v3":0.0044,"v4":2.4153,"intensidade":22.1277},{"horario":"2023-08-28 10:40:58","evento":"medida","v1":0.0121,"v2":0.4688,"v3":0.1083,"v4":1.6931,"intensidade":14.9636},{"horario":"2023-08-28 10:48:37","evento":"medida","v3":0.0848,"intensidade":2.5299},{"horario":"2023-08-28 10:51:20","evento":"medida","v1":1.1329,"v2":0.3183,"v3":0.0414,"intensidade":2.9246},{"horario":"2023-08-28 10:59:31","evento":"medida","v1":0.0743,"v2":0.0896,"v4":0.2879,"intensidade":2.6465},{"horario":"2023-08-28 11:04:46","evento":"medida","v2":1.8431,"v4":0.5249,"intensidade":9.9259},{"horario":"2023-08-28 11:06:14","evento":"medida","v1":0.0626,"v2":0.3344,"v3":0.3457,"v4":1.032,"intensidade":9.3219},{"horario":"2023-08-28 11:08:09","evento":"recalibragem","codigo":"FNVCiK1wDB"},{"horario":"2023-08-28 11:15:45","evento":"medida","v2":1.4299,"v3":0.0477,"v4":0.0132,"intensidade":4.7594},{"horario":"2023-08-28 11:16:49","evento":"medida","v4":0.5193,"intensidade":8.3106},{"horario":"2023-08-28 11:17:29","evento":"medida","v1":0.1825,"v2":2.0722,"v3":0.0025,"intensidade":13.6524},{"horario":"2023-08-28 11:19:15","evento":"recalibragem","codigo":"INxSbgf5yR"},{"horario":"2023-08-28 11:24:56","evento":"medida","v2":1.1936,"v4":1.5893,"intensidade":16.3468},{"horario":"2023-08-28 11:32:18","evento":"medida","v1":0.0715,"intensidade":1.6792},{"horario":"2023-08-28 11:33:04","evento":"medida","v1":0.4989,"intensidade":19.3852},{"horario":"2023-08-28 11:35:36","evento":"medida","v4":2.3764,"intensidade":19.7652},{"horario":"2023-08-28 11:45:28","evento":"medida","v1":0.1357,"v2":1.2761,"v4":0.1309,"intensidade":5.0111},{"horario":"2023-08-28 11:49:16","evento":"medida","v1":0.5489,"v2":0.7143,"intensidade":8.2906},{"horario":"2023-08-28 11:54:34","evento":"medida","v1":0.1923,"intensidade":7.269},{"horario":"2023-08-28 11:59:36","evento":"recalibragem","codigo":"AREq6O8B7m"},{"horario":"2023-08-28 12:04:36","evento":"medida","v1":0.1063,"v2":0.016,"v3":0.8538,"intensidade":5.3152},{"horario":"2023-08-28 12:12:03","evento":"medida","v1":0.004,"v4":3.2497,"intensidade":39.624},{"horario":"2023-08-28 12:16:03","evento":"medida","v2":0.5551,"v4":0.2169,"intensidade":3.4726},{"horario":"2023-08-28 12:19:51","evento":"medida","v2":0.9521,"v4":3.0764,"intensidade":27.8425},{"horario":"2023-08-28 12:34:20","evento":"medida","v1":0.023,"intensidade":15.4997},{"horario":"2023-08-28 12:35:41","evento":"medida","v2":1.3738,"intensidade":7.5283},{"horario":"2023-08-28 12:37:54","evento":"medida","v2":0.2226,"v3":0.046,"v4":0.8806,"intensidade":7.9074},{"horario":"2023-08-28 12:43:56","evento":"medida","v1":0.2798,"v2":0.8941,"v3":0.1241,"intensidade":7.0445},{"horario":"2023-08-28 12:51:26","evento":"medida","v1":0.1783,"intensidade":12.2259},{"horario":"2023-08-28 12:53:00","evento":"medida","v1":0.4671,"v2":1.0239,"v3":0.0156,"v4":0.5262,"intensidade":7.7483},{"horario":"2023-08-28 12:53:50","evento":"medida","v1":0.4884,"v4":0.5662,"intensidade":6.278},{"horario":"2023-08-28 12:59:05","evento":"medida","v1":0.1417,"v2":0.0266,"v3":0.0387,"intensidade":8.3838},{"horario":"2023-08-28 13:00:07","evento":"medida","v1":0.7458,"v2":0.4078,"v3":0.2361,"intensidade":4.1298},{"horario":"2023-08-28 13:06:05","evento":"medida","v1":0.8223,"v3":0.1014,"intensidade":50.2069},{"horario":"2023-08-28 13:06:46","evento":"medida","v1":0.2042,"v2":0.3926,"v3":0.3334,"v4":0.9542,"intensidade":9.0153},{"horario":"2023-08-28 13:07:40","evento":"medida","v1":0.2328,"intensidade":11.1472},{"horario":"2023-08-28 13:13:49","evento":"medida","v1":0.0521,"v2":0.0642,"v3":0.2827,"v4":0.8364,"intensidade":6.9361},{"horario":"2023-08-28 13:18:16","evento":"medida","v1":0.0057,"v4":0.1957,"intensidade":1.5889},{"horario":"2023-08-28 13:20:22","evento":"medida","v2":0.6701,"intensidade":69.0517},{"horario":"2023-08-28 13:35:24","evento":"medida","v3":0.0442,"intensidade":6.5257},{"horario":"2023-08-28 13:35:55","evento":"medida","v2":0.7539,"v4":1.0835,"intensidade":11.0187},{"horario":"2023-08-28 13:36:10","evento":"medida","v3":0.1781,"intensidade":25.3223},{"horario":"2023-08-28 13:37:05","evento":"recalibragem","codigo":"oGFM0E5Ykn"},{"horario":"2023-08-28 13:40:28","evento":"medida","v1":0.3041,"v3":0.0529,"v4":0.2404,"intensidade":2.297},{"horario":"2023-08-28 13:59:27","evento":"recalibragem","codigo":"m6QBIKGFP8"},{"horario":"2023-08-28 14:00:28","evento":"medida","v4":0.3229,"intensidade":3.4745},{"horario":"2023-08-28 14:01:33","evento":"medida","v1":0.9178,"v2":0.0766,"intensidade":22.4466},{"horario":"2023-08-28 14:05:21","evento":"medida","v2":0.4186,"v3":0.081,"v4":1.1317,"intensidade":10.4343},{"horario":"2023-08-28 14:06:47","evento":"medida","v1":0.1518,"v2":0.2857,"intensidade":12.941},{"horario":"2023-08-28 14:14:10","evento":"medida","v4":0.3714,"intensidade":5.9734},{"horario":"2023-08-28 14:14:36","evento":"medida","v2":0.3627,"v3":0.017,"intensidade":4.0816},{"horario":"2023-08-28 14:14:57","evento":"medida","v1":0.0756,"v2":0.3518,"intensidade":27.0876},{"horario":"2023-08-28 14:22:26","evento":"medida","v4":1.5534,"intensidade":13.4642},{"horario":"2023-08-28 14:25:05","evento":"medida","v1":0.9119,"intensidade":25.9213},{"horario":"2023-08-28 14:49:33","evento":"medida","v1":0.0387,"v4":0.9354,"intensidade":8.4731},{"horario":"2023-08-28 14:53:45","evento":"recalibragem","codigo":"zJpRRYnZza"},{"horario":"2023-08-28 15:00:32","evento":"medida","v2":0.5121,"intensidade":6.738},{"horario":"2023-08-28 15:04:02","evento":"medida","v3":0.2885,"v4":0.6532,"intensidade":6.0256},{"horario":"2023-08-28 15:06:22","evento":"medida","v1":0.0607,"v2":0.0673,"v4":0.2678,"intensidade":2.4051},{"horario":"2023-08-28 15:06:26","evento":"medida","v1":0.5729,"v4":0.092,"intensidade":1.4565},{"horario":"2023-08-28 15:12:05","evento":"medida","intensidade":2.4213},{"horario":"2023-08-28 15:20:31","evento":"medida","v3":0.482,"intensidade":5.7993},{"horario":"2023-08-28 15:23:49","evento":"medida","v2":0.3856,"v3":0.0301,"intensidade":5.5662},{"horario":"2023-08-28 15:25:14","evento":"medida","v1":0.1546,"v2":0.197,"v3":0.4864,"intensidade":19.1719},{"horario":"2023-08-28 15:26:55","evento":"medida","intensidade":14.0764},{"horario":"2023-08-28 15:44:36","evento":"medida","v2":0.2939,"intensidade":11.1916},{"horario":"2023-08-28 15:52:31","evento":"medida","v3":0.0976,"intensidade":4.354},{"horario":"2023-08-28 16:14:16","evento":"medida","v1":0.613,"v4":0.9203,"intensidade":10.7605},{"horario":"2023-08-28 16:17:59","evento":"medida","v2":0.3304,"v4":0.3076,"intensidade":3.817},{"horario":"2023-08-28 16:18:29","evento":"recalibragem","codigo":"T0841INbrW"},{"horario":"2023-08-28 16:25:35","evento":"medida","v1":0.0155,"intensidade":29.5608},{"horario":"2023-08-28 16:26:09","evento":"medida","v1":0.1368,"v4":0.393,"intensidade":5.0222},{"horario":"2023-08-28 16:28:08","evento":"recalibragem","codigo":"kDDKNjg2o3"},{"horario":"2023-08-28 16:30:31","evento":"medida","v2":0.3355,"v4":0.5507,"intensidade":5.7006},{"horario":"2023-08-28 16:39:37","evento":"medida","v1":0.6065,"v2":0.2911,"intensidade":13.3449},{"horario":"2023-08-28 16:49:17","evento":"medida","v1":0.0608,"v2":0.2203,"intensidade":16.9421},{"horario":"2023-08-28 16:52:21","evento":"medida","v1":0.236,"v4":0.7225,"intensidade":7.333},{"horario":"2023-08-28 17:12:21","evento":"medida","v1":0.2818,"v2":0.2007,"v3":0.3912,"intensidade":16.805},{"horario":"2023-08-28 17:15:56","evento":"medida","v1":0.079,"v4":0.2878,"intensidade":4.1147},{"horario":"2023-08-28 17:21:57","evento":"medida","v2":0.0066,"v3":0.2042,"intensidade":12.1819},{"horario":"2023-08-28 17:34:59","evento":"medida","v2":0.0117,"v3":0.1273,"intensidade":4.9125},{"horario":"2023-08-28 17:34:59","evento":"medida","v2":0.2862,"v3":0.0771,"intensidade":2.5564},{"horario":"2023-08-28 17:36:07","evento":"medida","intensidade":2.6513},{"horario":"2023-08-28 17:36:33","evento":"medida","v1":0.1748,"v3":0.0049,"intensidade":20.9568},{"horario":"2023-08-28 17:38:01","evento":"medida","v2":0.9528,"v3":0.1091,"v4":0.9144,"intensidade":10.3996},{"horario":"2023-08-28 17:48:49","evento":"medida","v1":0.2201,"v3":0.0546,"intensidade":6.9374},{"horario":"2023-08-28 17:49:00","evento":"medida","v2":0.5545,"v3":0.13,"v4":0.9933,"intensidade":9.6206},{"horario":"2023-08-28 17:57:15","evento":"medida","v1":0.0315,"v3":0.0317,"v4":1.8284,"intensidade":15.6092},{"horario":"2023-08-28 17:59:42","evento":"medida","v2":0.5262,"v3":0.2436,"v4":0.3362,"intensidade":4.3562},{"horario":"2023-08-28 18:14:52","evento":"medida","v1":0.0915,"intensidade":5.0091},{"horario":"2023-08-28 18:19:06","evento":"medida","v3":0.0187,"intensidade":3.3634},{"horario":"2023-08-28 18:26:39","evento":"medida","v1":0.1519,"v3":0.0665,"intensidade":6.3352},{"horario":"2023-08-28 18:26:48","evento":"medida","v2":0.5772,"intensidade":13.0742},{"horario":"2023-08-28 18:31:43","evento":"medida","v4":1.2533,"intensidade":11.2329},{"horario":"2023-08-28 18:46:38","evento":"medida","v3":0.1499,"v4":0.4146,"intensidade":8.3376},{"horario":"2023-08-28 18:49:35","evento":"medida","v2":0.6526,"v3":0.1951,"intensidade":3.1053},{"horario":"2023-08-28 18:55:54","evento":"medida","v2":0.6129,"v4":1.5255,"intensidade":14.5408},{"horario":"2023-08-28 18:56:04","evento":"medida","v3":0.0826,"intensidade":3.1651},{"horario":"2023-08-28 18:59:24","evento":"medida","v1":0.5641,"v3":0.0943,"intensidade":7.8099},{"horario":"2023-08-28 18:59:34","evento":"recalibragem","codigo":"br5yMHHdxA"},{"horario":"2023-08-28 19:13:16","evento":"medida","v1":0.3201,"v2":0.2476,"intensidade":8.8017},{"horario":"2023-08-28 19:23:01","evento":"medida","v2":0.3536,"v3":0.1228,"v4":0.0067,"intensidade":1.2294},{"horario":"2023-08-28 19:24:39","evento":"recalibragem","codigo":"MGlEIRXhXO"},{"horario":"2023-08-28 19:25:32","evento":"medida","intensidade":3.257},{"horario":"2023-08-28 19:26:03","evento":"medida","v3":0.0188,"v4":0.4119,"intensidade":3.6639},{"horario":"2023-08-28 19:35:33","evento":"medida","v4":0.9848,"intensidade":13.2309},{"horario":"2023-08-28 19:36:29","evento":"medida","v1":0.1524,"v2":1.1212,"v3":0.002,"v4":2.4931,"intensidade":23.4611},{"horario":"2023-08-28 19:39:06","evento":"medida","v1":0.1015,"v2":1.6416,"v3":0.0443,"v4":0.3766,"intensidade":8.0391},{"horario":"2023-08-28 19:39:36","evento":"recalibragem","codigo":"tfjvRTgQUh"},{"horario":"2023-08-28 19:41:09","evento":"recalibragem","codigo":"H1WBZ7hbgV"},{"horario":"2023-08-28 19:54:39","evento":"medida","v1":0.2771,"intensidade":3.4277},{"horario":"2023-08-28 19:56:20","evento":"medida","v2":0.2432,"intensidade":28.4851},{"horario":"2023-08-28 19:59:53","evento":"recalibragem","codigo":"UhVfxKV6UA"},{"horario":"2023-08-28 20:02:02","evento":"medida","v4":5.14,"intensidade":42.786},{"horario":"2023-08-28 20:11:07","evento":"medida","v1":0.1021,"v4":2.1352,"intensidade":18.4444},{"horario":"2023-08-28 20:20:47","evento":"medida","intensidade":9.8988},{"horario":"2023-08-28 20:22:35","evento":"medida","v1":0.0384,"v2":0.2009,"v4":0.9775,"intensidade":8.4615},{"horario":"2023-08-28 20:24:15","evento":"recalibragem","codigo":"cwx1cU5ab3"},{"horario":"2023-08-28 20:33:13","evento":"medida","v4":0.5709,"intensidade":6.3479},{"horario":"2023-08-28 20:34:33","evento":"medida","v2":0.2148,"v3":0.0067,"v4":0.8055,"intensidade":7.2711},{"horario":"2023-08-28 20:34:42","evento":"medida","v1":0.5231,"v3":0.0663,"v4":0.115,"intensidade":2.6616},{"horario":"2023-08-28 20:38:58","evento":"medida","v1":0.2871,"v3":0.1133,"v4":0.7941,"intensidade":7.6358},{"horario":"2023-08-28 20:45:45","evento":"medida","intensidade":2.2906},{"horario":"2023-08-28 20:48:13","evento":"medida","v1":0.0037,"v2":0.2573,"intensidade":21.4796},{"horario":"2023-08-28 21:15:27","evento":"medida","v2":1.2895,"intensidade":12.6824},{"horario":"2023-08-28 21:22:04","evento":"medida","v2":0.7154,"v3":0.2373,"intensidade":10.4489},{"horario":"2023-08-28 21:22:50","evento":"medida","v3":0.0682,"v4":0.9881,"intensidade":10.5909},{"horario":"2023-08-28 21:23:06","evento":"medida","v1":0.0882,"v2":0.99,"v3":0.2587,"v4":1.0214,"intensidade":11.2293},{"horario":"2023-08-28 21:23:36","evento":"medida","v1":0.557,"v2":1.4874,"v4":0.5794,"intensidade":9.6543},{"horario":"2023-08-28 21:24:16","evento":"medida","v3":0.0995,"intensidade":17.7142},{"horario":"2023-08-28 21:30:56","evento":"medida","v1":0.6699,"v3":0.0145,"intensidade":7.5736},{"horario":"2023-08-28 21:33:55","evento":"medida","v3":0.8666,"v4":1.0352,"intensidade":8.8253},{"horario":"2023-08-28 21:40:23","evento":"medida","v4":1.7548,"intensidade":16.2042},{"horario":"2023-08-28 21:44:54","evento":"medida","v4":1.064,"intensidade":11.1508},{"horario":"2023-08-28 21:46:22","evento":"medida","v1":0.0137,"v3":0.1919,"v4":0.4034,"intensidade":6.0581},{"horario":"2023-08-28 22:02:50","evento":"medida","v2":0.3403,"v4":1.5713,"intensidade":14.0157},{"horario":"2023-08-28 22:08:03","evento":"medida","v1":0.0975,"v3":0.1043,"intensidade":11.0924}]
